audio/train/output/d2_0000-00.wav	alarm	D2	0
audio/train/output/d2_0001-00.wav	alarm	D2	0
audio/train/output/d2_0001-01.wav	alarm	D2	0
audio/train/output/d2_0002-00.wav	alarm	D2	0
audio/train/output/d2_0003-00.wav	alarm	D2	0
audio/train/output/d2_0003-01.wav	alarm	D2	0
audio/train/output/d2_0004-00.wav	alarm	D2	0
audio/train/output/d2_0005-00.wav	alarm	D2	0
audio/train/output/d2_0006-00.wav	alarm	D2	0
audio/train/output/d2_0007-00.wav	alarm	D2	0
audio/train/output/d2_0008-00.wav	alarm	D2	0
audio/train/output/d2_0009-00.wav	alarm	D2	0
audio/train/output/d2_0010-00.wav	alarm	D2	0
audio/train/output/d2_0011-00.wav	alarm	D2	0
audio/train/output/d2_0012-00.wav	alarm	D2	0
audio/train/output/d2_0013-00.wav	alarm	D2	0
audio/train/output/d2_0014-00.wav	alarm	D2	0
audio/train/output/d2_0015-00.wav	alarm	D2	0
audio/train/output/d2_0016-00.wav	alarm	D2	0
audio/train/output/d2_0017-00.wav	alarm	D2	0
audio/train/output/d2_0018-00.wav	alarm	D2	0
audio/train/output/d2_0019-00.wav	alarm	D2	0
audio/train/output/d2_0020-00.wav	alarm	D2	0
audio/train/output/d2_0020-01.wav	alarm	D2	0
audio/train/output/d2_0021-00.wav	alarm	D2	0
audio/train/output/d2_0021-01.wav	alarm	D2	0
audio/train/output/d2_0022-00.wav	alarm	D2	0
audio/train/output/d2_0023-00.wav	alarm	D2	0
audio/train/output/d2_0024-00.wav	alarm	D2	0
audio/train/output/d2_0025-00.wav	alarm	D2	0
audio/train/output/d2_0026-00.wav	alarm	D2	0
audio/train/output/d2_0027-00.wav	alarm	D2	0
audio/train/output/d2_0028-00.wav	alarm	D2	0
audio/train/output/d2_0029-00.wav	alarm	D2	0
audio/train/output/d2_0029-01.wav	alarm	D2	0
audio/train/output/d2_0030-00.wav	alarm	D2	0
audio/train/output/d2_0031-00.wav	alarm	D2	0
audio/train/output/d2_0032-00.wav	alarm	D2	0
audio/train/output/d2_0033-00.wav	alarm	D2	0
audio/train/output/d2_0034-00.wav	alarm	D2	0
audio/train/output/d2_0034-01.wav	alarm	D2	0
audio/train/output/d2_0035-00.wav	alarm	D2	0
audio/train/output/d2_0036-00.wav	alarm	D2	0
audio/train/output/d2_0037-00.wav	alarm	D2	0
audio/train/output/d2_0038-00.wav	alarm	D2	0
audio/train/output/d2_0039-00.wav	alarm	D2	0
audio/train/output/d2_0039-01.wav	alarm	D2	0
audio/train/output/d2_0040-00.wav	alarm	D2	0
audio/train/output/d2_0040-01.wav	alarm	D2	0
audio/train/output/d2_0041-00.wav	alarm	D2	0
audio/train/output/d2_0041-01.wav	alarm	D2	0
audio/train/output/d2_0042-00.wav	alarm	D2	0
audio/train/output/d2_0043-00.wav	alarm	D2	0
audio/train/output/d2_0044-00.wav	alarm	D2	0
audio/train/output/d2_0045-00.wav	alarm	D2	0
audio/train/output/d2_0046-00.wav	alarm	D2	0
audio/train/output/d2_0047-00.wav	alarm	D2	0
audio/train/output/d2_0047-01.wav	alarm	D2	0
audio/train/output/d2_0048-00.wav	alarm	D2	0
audio/train/output/d2_0049-00.wav	alarm	D2	0
audio/train/output/d2_0050-00.wav	alarm	D2	0
audio/train/output/d2_0051-00.wav	alarm	D2	0
audio/train/output/d2_0052-00.wav	alarm	D2	0
audio/train/output/d2_0053-00.wav	alarm	D2	0
audio/train/output/d2_0054-00.wav	alarm	D2	0
audio/train/output/d2_0055-00.wav	alarm	D2	0
audio/train/output/d2_0056-00.wav	alarm	D2	0
audio/train/output/d2_0057-00.wav	alarm	D2	0
audio/train/output/d2_0058-00.wav	alarm	D2	0
audio/train/output/d2_0059-00.wav	alarm	D2	0
audio/train/output/d2_0059-01.wav	alarm	D2	0
audio/train/output/d2_0060-00.wav	alarm	D2	0
audio/train/output/d2_0061-00.wav	alarm	D2	0
audio/train/output/d2_0062-00.wav	alarm	D2	0
audio/train/output/d2_0063-00.wav	alarm	D2	0
audio/train/output/d2_0064-00.wav	alarm	D2	0
audio/train/output/d2_0065-00.wav	alarm	D2	0
audio/train/output/d2_0066-00.wav	alarm	D2	0
audio/train/output/d2_0067-00.wav	alarm	D2	0
audio/train/output/d2_0068-00.wav	alarm	D2	0
audio/train/output/d2_0069-00.wav	alarm	D2	0
audio/train/output/d2_0070-00.wav	alarm	D2	0
audio/train/output/d2_0071-00.wav	alarm	D2	0
audio/train/output/d2_0072-00.wav	alarm	D2	0
audio/train/output/d2_0073-00.wav	alarm	D2	0
audio/train/output/d2_0074-00.wav	alarm	D2	0
audio/train/output/d2_0075-00.wav	alarm	D2	0
audio/train/output/d2_0076-00.wav	alarm	D2	0
audio/train/output/d2_0077-00.wav	alarm	D2	0
audio/train/output/d2_0077-01.wav	alarm	D2	0
audio/train/output/d2_0078-00.wav	alarm	D2	0
audio/train/output/d2_0078-01.wav	alarm	D2	0
audio/train/output/d2_0079-00.wav	alarm	D2	0
audio/train/output/d2_0079-01.wav	alarm	D2	0
audio/train/output/d2_0080-00.wav	alarm	D2	0
audio/train/output/d2_0080-01.wav	alarm	D2	0
audio/train/output/d2_0081-00.wav	alarm	D2	0
audio/train/output/d2_0081-01.wav	alarm	D2	0
audio/train/output/d2_0082-00.wav	alarm	D2	0
audio/train/output/d2_0082-01.wav	alarm	D2	0
audio/train/output/d2_0083-00.wav	alarm	D2	0
audio/train/output/d2_0084-00.wav	alarm	D2	0
audio/train/output/d2_0085-00.wav	alarm	D2	0
audio/train/output/d2_0086-00.wav	alarm	D2	0
audio/train/output/d2_0087-00.wav	alarm	D2	0
audio/train/output/d2_0088-00.wav	alarm	D2	0
audio/train/output/d2_0089-00.wav	alarm	D2	0
audio/train/output/d2_0090-00.wav	alarm	D2	0
audio/train/output/d2_0091-00.wav	alarm	D2	0
audio/train/output/d2_0092-00.wav	alarm	D2	0
audio/train/output/d2_0092-01.wav	alarm	D2	0
audio/train/output/d2_0093-00.wav	alarm	D2	0
audio/train/output/d2_0094-00.wav	alarm	D2	0
audio/train/output/d2_0095-00.wav	alarm	D2	0
audio/train/output/d2_0096-00.wav	alarm	D2	0
audio/train/output/d2_0097-00.wav	alarm	D2	0
audio/train/output/d2_0098-00.wav	alarm	D2	0
audio/train/output/d2_0099-00.wav	alarm	D2	0
audio/train/output/d2_0100-00.wav	alarm	D2	0
audio/train/output/d2_0100-01.wav	alarm	D2	0
audio/train/output/d2_0101-00.wav	alarm	D2	0
audio/train/output/d2_0102-00.wav	alarm	D2	0
audio/train/output/d2_0103-00.wav	alarm	D2	0
audio/train/output/d2_0104-00.wav	alarm	D2	0
audio/train/output/d2_0105-00.wav	alarm	D2	0
audio/train/output/d2_0106-00.wav	alarm	D2	0
audio/train/output/d2_0107-00.wav	alarm	D2	0
audio/train/output/d2_0107-01.wav	alarm	D2	0
audio/train/output/d2_0108-00.wav	alarm	D2	0
audio/train/output/d2_0109-00.wav	alarm	D2	0
audio/train/output/d2_0110-00.wav	alarm	D2	0
audio/train/output/d2_0110-01.wav	alarm	D2	0
audio/train/output/d2_0111-00.wav	alarm	D2	0
audio/train/output/d2_0112-00.wav	alarm	D2	0
audio/train/output/d2_0112-01.wav	alarm	D2	0
audio/train/output/d2_0113-00.wav	alarm	D2	0
audio/train/output/d2_0113-01.wav	alarm	D2	0
audio/train/output/d2_0114-00.wav	alarm	D2	0
audio/train/output/d2_0115-00.wav	alarm	D2	0
audio/train/output/d2_0116-00.wav	alarm	D2	0
audio/train/output/d2_0117-00.wav	alarm	D2	0
audio/train/output/d2_0118-00.wav	alarm	D2	0
audio/train/output/d2_0119-00.wav	alarm	D2	0
audio/train/output/d2_0120-00.wav	alarm	D2	0
audio/train/output/d2_0121-00.wav	alarm	D2	0
audio/train/output/d2_0122-00.wav	alarm	D2	0
audio/train/output/d2_0123-00.wav	alarm	D2	0
audio/train/output/d2_0124-00.wav	alarm	D2	0
audio/train/output/d2_0125-00.wav	alarm	D2	0
audio/train/output/d2_0126-00.wav	alarm	D2	0
audio/train/output/d2_0127-00.wav	alarm	D2	0
audio/train/output/d2_0128-00.wav	alarm	D2	0
audio/train/output/d2_0129-00.wav	alarm	D2	0
audio/train/output/d2_0130-00.wav	alarm	D2	0
audio/train/output/d2_0131-00.wav	alarm	D2	0
audio/train/output/d2_0131-01.wav	alarm	D2	0
audio/train/output/d2_0132-00.wav	alarm	D2	0
audio/train/output/d2_0132-01.wav	alarm	D2	0
audio/train/output/d2_0133-00.wav	alarm	D2	0
audio/train/output/d2_0134-00.wav	alarm	D2	0
audio/train/output/d2_0135-00.wav	alarm	D2	0
audio/train/output/d2_0136-00.wav	alarm	D2	0
audio/train/output/d2_0137-00.wav	alarm	D2	0
audio/train/output/d2_0137-01.wav	alarm	D2	0
audio/train/output/d2_0138-00.wav	alarm	D2	0
audio/train/output/d2_0139-00.wav	alarm	D2	0
audio/train/output/d2_0140-00.wav	alarm	D2	0
audio/train/output/d2_0141-00.wav	alarm	D2	0
audio/train/output/d2_0142-00.wav	alarm	D2	0
audio/train/output/d2_0143-00.wav	alarm	D2	0
audio/train/output/d2_0143-01.wav	alarm	D2	0
audio/train/output/d2_0144-00.wav	alarm	D2	0
audio/train/output/d2_0145-00.wav	alarm	D2	0
audio/train/output/d2_0146-00.wav	alarm	D2	0
audio/train/output/d2_0147-00.wav	alarm	D2	0
audio/train/output/d2_0148-00.wav	alarm	D2	0
audio/train/output/d2_0149-00.wav	alarm	D2	0
audio/train/output/d2_0149-01.wav	alarm	D2	0
audio/train/output/d2_0150-00.wav	alarm	D2	0
audio/train/output/d2_0151-00.wav	alarm	D2	0
audio/train/output/d2_0151-01.wav	alarm	D2	0
audio/train/output/d2_0152-00.wav	alarm	D2	0
audio/train/output/d2_0152-01.wav	alarm	D2	0
audio/train/output/d2_0153-00.wav	alarm	D2	0
audio/train/output/d2_0153-01.wav	alarm	D2	0
audio/train/output/d2_0154-00.wav	alarm	D2	0
audio/train/output/d2_0155-00.wav	alarm	D2	0
audio/train/output/d2_0156-00.wav	alarm	D2	0
audio/train/output/d2_0157-00.wav	alarm	D2	0
audio/train/output/d2_0158-00.wav	alarm	D2	0
audio/train/output/d2_0158-01.wav	alarm	D2	0
audio/train/output/d2_0159-00.wav	alarm	D2	0
audio/train/output/d2_0160-00.wav	alarm	D2	0
audio/train/output/d2_0161-00.wav	alarm	D2	0
audio/train/output/d2_0162-00.wav	alarm	D2	0
audio/train/output/d2_0163-00.wav	alarm	D2	0
audio/train/output/d2_0164-00.wav	alarm	D2	0
audio/train/output/d2_0165-00.wav	alarm	D2	0
audio/train/output/d2_0166-00.wav	alarm	D2	0
audio/train/output/d2_0167-00.wav	alarm	D2	0
audio/train/output/d2_0168-00.wav	alarm	D2	0
audio/train/output/d2_0169-00.wav	alarm	D2	0
audio/train/output/d2_0170-00.wav	alarm	D2	0
audio/train/output/d2_0171-00.wav	alarm	D2	0
audio/train/output/d2_0172-00.wav	alarm	D2	0
audio/train/output/d2_0173-00.wav	alarm	D2	0
audio/train/output/d2_0174-00.wav	alarm	D2	0
audio/train/output/d2_0175-00.wav	alarm	D2	0
audio/train/output/d2_0176-00.wav	alarm	D2	0
audio/train/output/d2_0177-00.wav	alarm	D2	0
audio/train/output/d2_0178-00.wav	alarm	D2	0
audio/train/output/d2_0179-00.wav	alarm	D2	0
audio/train/output/d2_0180-00.wav	alarm	D2	0
audio/train/output/d2_0181-00.wav	alarm	D2	0
audio/train/output/d2_0182-00.wav	alarm	D2	0
audio/train/output/d2_0183-00.wav	alarm	D2	0
audio/train/output/d2_0184-00.wav	alarm	D2	0
audio/train/output/d2_0184-01.wav	alarm	D2	0
audio/train/output/d2_0185-00.wav	alarm	D2	0
audio/train/output/d2_0185-01.wav	alarm	D2	0
audio/train/output/d2_0186-00.wav	alarm	D2	0
audio/train/output/d2_0187-00.wav	alarm	D2	0
audio/train/output/d2_0188-00.wav	alarm	D2	0
audio/train/output/d2_0189-00.wav	alarm	D2	0
audio/train/output/d2_0190-00.wav	alarm	D2	0
audio/train/output/d2_0190-01.wav	alarm	D2	0
audio/train/output/d2_0191-00.wav	alarm	D2	0
audio/train/output/d2_0191-01.wav	alarm	D2	0
audio/train/output/d2_0192-00.wav	alarm	D2	0
audio/train/output/d2_0192-01.wav	alarm	D2	0
audio/train/output/d2_0193-00.wav	alarm	D2	0
audio/train/output/d2_0194-00.wav	alarm	D2	0
audio/train/output/d2_0194-01.wav	alarm	D2	0
audio/train/output/d2_0195-00.wav	alarm	D2	0
audio/train/output/d2_0196-00.wav	alarm	D2	0
audio/train/output/d2_0196-01.wav	alarm	D2	0
audio/train/output/d2_0197-00.wav	alarm	D2	0
audio/train/output/d2_0198-00.wav	alarm	D2	0
audio/train/output/d2_0199-00.wav	alarm	D2	0
audio/train/output/d2_0199-01.wav	alarm	D2	0
audio/train/output/d2_0200-00.wav	alarm	D2	0
audio/train/output/d2_0201-00.wav	alarm	D2	0
audio/train/output/d2_0202-00.wav	alarm	D2	0
audio/train/output/d2_0202-01.wav	alarm	D2	0
audio/train/output/d2_0203-00.wav	alarm	D2	0
audio/train/output/d2_0204-00.wav	alarm	D2	0
audio/train/output/d2_0205-00.wav	alarm	D2	0
audio/train/output/d2_0205-01.wav	alarm	D2	0
audio/train/output/d2_0206-00.wav	alarm	D2	0
audio/train/output/d2_0206-01.wav	alarm	D2	0
audio/train/output/d2_0207-00.wav	alarm	D2	0
audio/train/output/d2_0208-00.wav	alarm	D2	0
audio/train/output/d2_0209-00.wav	alarm	D2	0
audio/train/output/d2_0209-01.wav	alarm	D2	0
audio/train/output/d2_0210-00.wav	alarm	D2	0
audio/train/output/d2_0211-00.wav	alarm	D2	0
audio/train/output/d2_0212-00.wav	alarm	D2	0
audio/train/output/d2_0213-00.wav	alarm	D2	0
audio/train/output/d2_0214-00.wav	alarm	D2	0
audio/train/output/d2_0215-00.wav	alarm	D2	0
audio/train/output/d2_0216-00.wav	alarm	D2	0
audio/train/output/d2_0217-00.wav	alarm	D2	0
audio/train/output/d2_0218-00.wav	alarm	D2	0
audio/train/output/d2_0219-00.wav	alarm	D2	0
audio/train/output/d2_0220-00.wav	alarm	D2	0
audio/train/output/d2_0221-00.wav	alarm	D2	0
audio/train/output/d2_0222-00.wav	alarm	D2	0
audio/train/output/d2_0223-00.wav	alarm	D2	0
audio/train/output/d2_0224-00.wav	alarm	D2	0
audio/train/output/d2_0225-00.wav	alarm	D2	0
audio/train/output/d2_0226-00.wav	alarm	D2	0
audio/train/output/d2_0227-00.wav	alarm	D2	0
audio/train/output/d2_0228-00.wav	alarm	D2	0
audio/train/output/d2_0229-00.wav	alarm	D2	0
audio/train/output/d2_0229-01.wav	alarm	D2	0
audio/train/output/d2_0230-00.wav	alarm	D2	0
audio/train/output/d2_0231-00.wav	alarm	D2	0
audio/train/output/d2_0232-00.wav	alarm	D2	0
audio/train/output/d2_0233-00.wav	alarm	D2	0
audio/train/output/d2_0234-00.wav	alarm	D2	0
audio/train/output/d2_0235-00.wav	alarm	D2	0
audio/train/output/d2_0236-00.wav	alarm	D2	0
audio/train/output/d2_0237-00.wav	alarm	D2	0
audio/train/output/d2_0238-00.wav	alarm	D2	0
audio/train/output/d2_0239-00.wav	alarm	D2	0
audio/train/output/d2_0239-01.wav	alarm	D2	0
audio/train/output/d2_0240-00.wav	alarm	D2	0
audio/train/output/d2_0241-00.wav	alarm	D2	0
audio/train/output/d2_0242-00.wav	alarm	D2	0
audio/train/output/d2_0243-00.wav	alarm	D2	0
audio/train/output/d2_0244-00.wav	alarm	D2	0
audio/train/output/d2_0245-00.wav	alarm	D2	0
audio/train/output/d2_0245-01.wav	alarm	D2	0
audio/train/output/d2_0246-00.wav	alarm	D2	0
audio/train/output/d2_0247-00.wav	alarm	D2	0
audio/train/output/d2_0248-00.wav	alarm	D2	0
audio/train/output/d2_0248-01.wav	alarm	D2	0
audio/train/output/d2_0249-00.wav	alarm	D2	0
audio/train/output/d2_0250-00.wav	alarm	D2	0
audio/train/output/d2_0251-00.wav	alarm	D2	0
audio/train/output/d2_0252-00.wav	alarm	D2	0
audio/train/output/d2_0253-00.wav	alarm	D2	0
audio/train/output/d2_0254-00.wav	alarm	D2	0
audio/train/output/d2_0255-00.wav	alarm	D2	0
audio/train/output/d2_0256-00.wav	alarm	D2	0
audio/train/output/d2_0257-00.wav	alarm	D2	0
audio/train/output/d2_0258-00.wav	alarm	D2	0
audio/train/output/d2_0259-00.wav	alarm	D2	0
audio/train/output/d2_0260-00.wav	alarm	D2	0
audio/train/output/d2_0261-00.wav	alarm	D2	0
audio/train/output/d2_0261-01.wav	alarm	D2	0
audio/train/output/d2_0262-00.wav	alarm	D2	0
audio/train/output/d2_0263-00.wav	alarm	D2	0
audio/train/output/d2_0264-00.wav	alarm	D2	0
audio/train/output/d2_0265-00.wav	alarm	D2	0
audio/train/output/d2_0266-00.wav	alarm	D2	0
audio/train/output/d2_0266-01.wav	alarm	D2	0
audio/train/output/d2_0267-00.wav	alarm	D2	0
audio/train/output/d2_0267-01.wav	alarm	D2	0
audio/train/output/d2_0268-00.wav	alarm	D2	0
audio/train/output/d2_0269-00.wav	alarm	D2	0
audio/train/output/d2_0269-01.wav	alarm	D2	0
audio/train/output/d2_0270-00.wav	alarm	D2	0
audio/train/output/d2_0271-00.wav	alarm	D2	0
audio/train/output/d2_0271-01.wav	alarm	D2	0
audio/train/output/d2_0272-00.wav	alarm	D2	0
audio/train/output/d2_0273-00.wav	alarm	D2	0
audio/train/output/d2_0274-00.wav	alarm	D2	0
audio/train/output/d2_0275-00.wav	alarm	D2	0
audio/train/output/d2_0275-01.wav	alarm	D2	0
audio/train/output/d2_0276-00.wav	alarm	D2	0
audio/train/output/d2_0277-00.wav	alarm	D2	0
audio/train/output/d2_0277-01.wav	alarm	D2	0
audio/train/output/d2_0278-00.wav	alarm	D2	0
audio/train/output/d2_0278-01.wav	alarm	D2	0
audio/train/output/d2_0279-00.wav	alarm	D2	0
audio/train/output/d2_0280-00.wav	alarm	D2	0
audio/train/output/d2_0281-00.wav	alarm	D2	0
audio/train/output/d2_0282-00.wav	alarm	D2	0
audio/train/output/d2_0283-00.wav	alarm	D2	0
audio/train/output/d2_0283-01.wav	alarm	D2	0
audio/train/output/d2_0284-00.wav	alarm	D2	0
audio/train/output/d2_0285-00.wav	alarm	D2	0
audio/train/output/d2_0285-01.wav	alarm	D2	0
audio/train/output/d2_0286-00.wav	alarm	D2	0
audio/train/output/d2_0287-00.wav	alarm	D2	0
audio/train/output/d2_0288-00.wav	alarm	D2	0
audio/train/output/d2_0289-00.wav	alarm	D2	0
audio/train/output/d2_0290-00.wav	alarm	D2	0
audio/train/output/d2_0290-01.wav	alarm	D2	0
audio/train/output/d2_0291-00.wav	alarm	D2	0
audio/train/output/d2_0291-01.wav	alarm	D2	0
audio/train/output/d2_0292-00.wav	alarm	D2	0
audio/train/output/d2_0292-01.wav	alarm	D2	0
audio/train/output/d2_0293-00.wav	alarm	D2	0
audio/train/output/d2_0294-00.wav	alarm	D2	0
audio/train/output/d2_0295-00.wav	alarm	D2	0
audio/train/output/d2_0295-01.wav	alarm	D2	0
audio/train/output/d2_0296-00.wav	alarm	D2	0
audio/train/output/d2_0297-00.wav	alarm	D2	0
audio/train/output/d2_0298-00.wav	alarm	D2	0
audio/train/output/d2_0299-00.wav	alarm	D2	0
audio/train/output/d2_0299-01.wav	alarm	D2	0
audio/train/output/d2_0300-00.wav	alarm	D2	0
audio/train/output/d2_0301-00.wav	alarm	D2	0
audio/train/output/d2_0302-00.wav	alarm	D2	0
audio/train/output/d2_0302-01.wav	alarm	D2	0
audio/train/output/d2_0303-00.wav	dog	D2	2
audio/train/output/d2_0304-00.wav	dog	D2	2
audio/train/output/d2_0305-00.wav	dog	D2	2
audio/train/output/d2_0306-00.wav	dog	D2	2
audio/train/output/d2_0307-00.wav	dog	D2	2
audio/train/output/d2_0308-00.wav	dog	D2	2
audio/train/output/d2_0309-00.wav	dog	D2	2
audio/train/output/d2_0309-01.wav	dog	D2	2
audio/train/output/d2_0310-00.wav	dog	D2	2
audio/train/output/d2_0311-00.wav	dog	D2	2
audio/train/output/d2_0312-00.wav	dog	D2	2
audio/train/output/d2_0312-01.wav	dog	D2	2
audio/train/output/d2_0313-00.wav	dog	D2	2
audio/train/output/d2_0314-00.wav	dog	D2	2
audio/train/output/d2_0314-01.wav	dog	D2	2
audio/train/output/d2_0315-00.wav	dog	D2	2
audio/train/output/d2_0316-00.wav	dog	D2	2
audio/train/output/d2_0317-00.wav	dog	D2	2
audio/train/output/d2_0318-00.wav	dog	D2	2
audio/train/output/d2_0318-01.wav	dog	D2	2
audio/train/output/d2_0319-00.wav	dog	D2	2
audio/train/output/d2_0320-00.wav	dog	D2	2
audio/train/output/d2_0321-00.wav	dog	D2	2
audio/train/output/d2_0322-00.wav	dog	D2	2
audio/train/output/d2_0323-00.wav	dog	D2	2
audio/train/output/d2_0324-00.wav	dog	D2	2
audio/train/output/d2_0325-00.wav	dog	D2	2
audio/train/output/d2_0326-00.wav	dog	D2	2
audio/train/output/d2_0327-00.wav	dog	D2	2
audio/train/output/d2_0328-00.wav	dog	D2	2
audio/train/output/d2_0329-00.wav	dog	D2	2
audio/train/output/d2_0330-00.wav	dog	D2	2
audio/train/output/d2_0331-00.wav	dog	D2	2
audio/train/output/d2_0332-00.wav	dog	D2	2
audio/train/output/d2_0333-00.wav	dog	D2	2
audio/train/output/d2_0334-00.wav	dog	D2	2
audio/train/output/d2_0335-00.wav	dog	D2	2
audio/train/output/d2_0336-00.wav	dog	D2	2
audio/train/output/d2_0337-00.wav	dog	D2	2
audio/train/output/d2_0338-00.wav	dog	D2	2
audio/train/output/d2_0339-00.wav	dog	D2	2
audio/train/output/d2_0340-00.wav	dog	D2	2
audio/train/output/d2_0341-00.wav	dog	D2	2
audio/train/output/d2_0342-00.wav	dog	D2	2
audio/train/output/d2_0343-00.wav	dog	D2	2
audio/train/output/d2_0344-00.wav	dog	D2	2
audio/train/output/d2_0345-00.wav	dog	D2	2
audio/train/output/d2_0346-00.wav	dog	D2	2
audio/train/output/d2_0346-01.wav	dog	D2	2
audio/train/output/d2_0347-00.wav	dog	D2	2
audio/train/output/d2_0348-00.wav	dog	D2	2
audio/train/output/d2_0349-00.wav	dog	D2	2
audio/train/output/d2_0350-00.wav	dog	D2	2
audio/train/output/d2_0350-01.wav	dog	D2	2
audio/train/output/d2_0351-00.wav	dog	D2	2
audio/train/output/d2_0352-00.wav	dog	D2	2
audio/train/output/d2_0353-00.wav	dog	D2	2
audio/train/output/d2_0354-00.wav	dog	D2	2
audio/train/output/d2_0355-00.wav	dog	D2	2
audio/train/output/d2_0356-00.wav	dog	D2	2
audio/train/output/d2_0357-00.wav	dog	D2	2
audio/train/output/d2_0358-00.wav	dog	D2	2
audio/train/output/d2_0359-00.wav	dog	D2	2
audio/train/output/d2_0360-00.wav	dog	D2	2
audio/train/output/d2_0361-00.wav	dog	D2	2
audio/train/output/d2_0361-01.wav	dog	D2	2
audio/train/output/d2_0362-00.wav	dog	D2	2
audio/train/output/d2_0363-00.wav	dog	D2	2
audio/train/output/d2_0364-00.wav	dog	D2	2
audio/train/output/d2_0365-00.wav	dog	D2	2
audio/train/output/d2_0366-00.wav	dog	D2	2
audio/train/output/d2_0367-00.wav	dog	D2	2
audio/train/output/d2_0368-00.wav	dog	D2	2
audio/train/output/d2_0369-00.wav	dog	D2	2
audio/train/output/d2_0370-00.wav	dog	D2	2
audio/train/output/d2_0371-00.wav	dog	D2	2
audio/train/output/d2_0372-00.wav	dog	D2	2
audio/train/output/d2_0373-00.wav	dog	D2	2
audio/train/output/d2_0374-00.wav	dog	D2	2
audio/train/output/d2_0375-00.wav	dog	D2	2
audio/train/output/d2_0376-00.wav	dog	D2	2
audio/train/output/d2_0377-00.wav	dog	D2	2
audio/train/output/d2_0378-00.wav	dog	D2	2
audio/train/output/d2_0379-00.wav	dog	D2	2
audio/train/output/d2_0380-00.wav	dog	D2	2
audio/train/output/d2_0380-01.wav	dog	D2	2
audio/train/output/d2_0381-00.wav	dog	D2	2
audio/train/output/d2_0382-00.wav	dog	D2	2
audio/train/output/d2_0383-00.wav	dog	D2	2
audio/train/output/d2_0384-00.wav	dog	D2	2
audio/train/output/d2_0384-01.wav	dog	D2	2
audio/train/output/d2_0385-00.wav	dog	D2	2
audio/train/output/d2_0385-01.wav	dog	D2	2
audio/train/output/d2_0386-00.wav	dog	D2	2
audio/train/output/d2_0387-00.wav	dog	D2	2
audio/train/output/d2_0388-00.wav	dog	D2	2
audio/train/output/d2_0388-01.wav	dog	D2	2
audio/train/output/d2_0389-00.wav	dog	D2	2
audio/train/output/d2_0390-00.wav	dog	D2	2
audio/train/output/d2_0391-00.wav	dog	D2	2
audio/train/output/d2_0392-00.wav	dog	D2	2
audio/train/output/d2_0393-00.wav	dog	D2	2
audio/train/output/d2_0393-01.wav	dog	D2	2
audio/train/output/d2_0394-00.wav	dog	D2	2
audio/train/output/d2_0394-01.wav	dog	D2	2
audio/train/output/d2_0395-00.wav	engine	D2	3
audio/train/output/d2_0396-00.wav	engine	D2	3
audio/train/output/d2_0397-00.wav	engine	D2	3
audio/train/output/d2_0397-01.wav	engine	D2	3
audio/train/output/d2_0398-00.wav	engine	D2	3
audio/train/output/d2_0398-01.wav	engine	D2	3
audio/train/output/d2_0399-00.wav	engine	D2	3
audio/train/output/d2_0400-00.wav	engine	D2	3
audio/train/output/d2_0401-00.wav	engine	D2	3
audio/train/output/d2_0401-01.wav	engine	D2	3
audio/train/output/d2_0402-00.wav	engine	D2	3
audio/train/output/d2_0403-00.wav	engine	D2	3
audio/train/output/d2_0404-00.wav	engine	D2	3
audio/train/output/d2_0404-01.wav	engine	D2	3
audio/train/output/d2_0405-00.wav	engine	D2	3
audio/train/output/d2_0406-00.wav	engine	D2	3
audio/train/output/d2_0407-00.wav	engine	D2	3
audio/train/output/d2_0408-00.wav	engine	D2	3
audio/train/output/d2_0408-01.wav	engine	D2	3
audio/train/output/d2_0409-00.wav	engine	D2	3
audio/train/output/d2_0409-01.wav	engine	D2	3
audio/train/output/d2_0410-00.wav	engine	D2	3
audio/train/output/d2_0410-01.wav	engine	D2	3
audio/train/output/d2_0411-00.wav	engine	D2	3
audio/train/output/d2_0411-01.wav	engine	D2	3
audio/train/output/d2_0412-00.wav	engine	D2	3
audio/train/output/d2_0412-01.wav	engine	D2	3
audio/train/output/d2_0413-00.wav	engine	D2	3
audio/train/output/d2_0413-01.wav	engine	D2	3
audio/train/output/d2_0414-00.wav	engine	D2	3
audio/train/output/d2_0414-01.wav	engine	D2	3
audio/train/output/d2_0415-00.wav	engine	D2	3
audio/train/output/d2_0415-01.wav	engine	D2	3
audio/train/output/d2_0416-00.wav	engine	D2	3
audio/train/output/d2_0416-01.wav	engine	D2	3
audio/train/output/d2_0417-00.wav	engine	D2	3
audio/train/output/d2_0417-01.wav	engine	D2	3
audio/train/output/d2_0418-00.wav	engine	D2	3
audio/train/output/d2_0418-01.wav	engine	D2	3
audio/train/output/d2_0419-00.wav	engine	D2	3
audio/train/output/d2_0420-00.wav	engine	D2	3
audio/train/output/d2_0420-01.wav	engine	D2	3
audio/train/output/d2_0421-00.wav	engine	D2	3
audio/train/output/d2_0422-00.wav	engine	D2	3
audio/train/output/d2_0423-00.wav	engine	D2	3
audio/train/output/d2_0424-00.wav	engine	D2	3
audio/train/output/d2_0425-00.wav	engine	D2	3
audio/train/output/d2_0426-00.wav	engine	D2	3
audio/train/output/d2_0427-00.wav	engine	D2	3
audio/train/output/d2_0428-00.wav	engine	D2	3
audio/train/output/d2_0429-00.wav	engine	D2	3
audio/train/output/d2_0430-00.wav	engine	D2	3
audio/train/output/d2_0431-00.wav	engine	D2	3
audio/train/output/d2_0432-00.wav	engine	D2	3
audio/train/output/d2_0433-00.wav	engine	D2	3
audio/train/output/d2_0433-01.wav	engine	D2	3
audio/train/output/d2_0433-02.wav	engine	D2	3
audio/train/output/d2_0434-00.wav	engine	D2	3
audio/train/output/d2_0434-01.wav	engine	D2	3
audio/train/output/d2_0435-00.wav	engine	D2	3
audio/train/output/d2_0436-00.wav	engine	D2	3
audio/train/output/d2_0436-01.wav	engine	D2	3
audio/train/output/d2_0437-00.wav	engine	D2	3
audio/train/output/d2_0438-00.wav	engine	D2	3
audio/train/output/d2_0438-01.wav	engine	D2	3
audio/train/output/d2_0439-00.wav	engine	D2	3
audio/train/output/d2_0440-00.wav	engine	D2	3
audio/train/output/d2_0441-00.wav	engine	D2	3
audio/train/output/d2_0442-00.wav	engine	D2	3
audio/train/output/d2_0443-00.wav	engine	D2	3
audio/train/output/d2_0444-00.wav	engine	D2	3
audio/train/output/d2_0444-01.wav	engine	D2	3
audio/train/output/d2_0445-00.wav	engine	D2	3
audio/train/output/d2_0446-00.wav	engine	D2	3
audio/train/output/d2_0446-01.wav	engine	D2	3
audio/train/output/d2_0447-00.wav	engine	D2	3
audio/train/output/d2_0447-01.wav	engine	D2	3
audio/train/output/d2_0448-00.wav	engine	D2	3
audio/train/output/d2_0449-00.wav	engine	D2	3
audio/train/output/d2_0450-00.wav	engine	D2	3
audio/train/output/d2_0451-00.wav	engine	D2	3
audio/train/output/d2_0451-01.wav	engine	D2	3
audio/train/output/d2_0452-00.wav	engine	D2	3
audio/train/output/d2_0453-00.wav	engine	D2	3
audio/train/output/d2_0454-00.wav	engine	D2	3
audio/train/output/d2_0455-00.wav	engine	D2	3
audio/train/output/d2_0456-00.wav	engine	D2	3
audio/train/output/d2_0457-00.wav	engine	D2	3
audio/train/output/d2_0458-00.wav	engine	D2	3
audio/train/output/d2_0459-00.wav	engine	D2	3
audio/train/output/d2_0459-01.wav	engine	D2	3
audio/train/output/d2_0460-00.wav	engine	D2	3
audio/train/output/d2_0461-00.wav	engine	D2	3
audio/train/output/d2_0461-01.wav	engine	D2	3
audio/train/output/d2_0462-00.wav	engine	D2	3
audio/train/output/d2_0463-00.wav	engine	D2	3
audio/train/output/d2_0464-00.wav	engine	D2	3
audio/train/output/d2_0464-01.wav	engine	D2	3
audio/train/output/d2_0465-00.wav	engine	D2	3
audio/train/output/d2_0466-00.wav	engine	D2	3
audio/train/output/d2_0467-00.wav	engine	D2	3
audio/train/output/d2_0468-00.wav	engine	D2	3
audio/train/output/d2_0468-01.wav	engine	D2	3
audio/train/output/d2_0469-00.wav	engine	D2	3
audio/train/output/d2_0470-00.wav	engine	D2	3
audio/train/output/d2_0471-00.wav	engine	D2	3
audio/train/output/d2_0472-00.wav	engine	D2	3
audio/train/output/d2_0472-01.wav	engine	D2	3
audio/train/output/d2_0473-00.wav	engine	D2	3
audio/train/output/d2_0473-01.wav	engine	D2	3
audio/train/output/d2_0474-00.wav	engine	D2	3
audio/train/output/d2_0474-01.wav	engine	D2	3
audio/train/output/d2_0475-00.wav	engine	D2	3
audio/train/output/d2_0475-01.wav	engine	D2	3
audio/train/output/d2_0476-00.wav	engine	D2	3
audio/train/output/d2_0477-00.wav	engine	D2	3
audio/train/output/d2_0477-01.wav	engine	D2	3
audio/train/output/d2_0478-00.wav	engine	D2	3
audio/train/output/d2_0478-01.wav	engine	D2	3
audio/train/output/d2_0479-00.wav	engine	D2	3
audio/train/output/d2_0479-01.wav	engine	D2	3
audio/train/output/d2_0480-00.wav	engine	D2	3
audio/train/output/d2_0480-01.wav	engine	D2	3
audio/train/output/d2_0481-00.wav	engine	D2	3
audio/train/output/d2_0482-00.wav	engine	D2	3
audio/train/output/d2_0482-01.wav	engine	D2	3
audio/train/output/d2_0483-00.wav	engine	D2	3
audio/train/output/d2_0484-00.wav	engine	D2	3
audio/train/output/d2_0485-00.wav	engine	D2	3
audio/train/output/d2_0485-01.wav	engine	D2	3
audio/train/output/d2_0486-00.wav	engine	D2	3
audio/train/output/d2_0486-01.wav	engine	D2	3
audio/train/output/d2_0487-00.wav	engine	D2	3
audio/train/output/d2_0487-01.wav	engine	D2	3
audio/train/output/d2_0488-00.wav	engine	D2	3
audio/train/output/d2_0489-00.wav	engine	D2	3
audio/train/output/d2_0490-00.wav	engine	D2	3
audio/train/output/d2_0490-01.wav	engine	D2	3
audio/train/output/d2_0491-00.wav	engine	D2	3
audio/train/output/d2_0491-01.wav	engine	D2	3
audio/train/output/d2_0492-00.wav	engine	D2	3
audio/train/output/d2_0492-01.wav	engine	D2	3
audio/train/output/d2_0493-00.wav	engine	D2	3
audio/train/output/d2_0493-01.wav	engine	D2	3
audio/train/output/d2_0494-00.wav	engine	D2	3
audio/train/output/d2_0494-01.wav	engine	D2	3
audio/train/output/d2_0495-00.wav	engine	D2	3
audio/train/output/d2_0495-01.wav	engine	D2	3
audio/train/output/d2_0496-00.wav	engine	D2	3
audio/train/output/d2_0497-00.wav	engine	D2	3
audio/train/output/d2_0498-00.wav	engine	D2	3
audio/train/output/d2_0498-01.wav	engine	D2	3
audio/train/output/d2_0499-00.wav	engine	D2	3
audio/train/output/d2_0499-01.wav	engine	D2	3
audio/train/output/d2_0500-00.wav	engine	D2	3
audio/train/output/d2_0501-00.wav	engine	D2	3
audio/train/output/d2_0502-00.wav	engine	D2	3
audio/train/output/d2_0502-01.wav	engine	D2	3
audio/train/output/d2_0503-00.wav	engine	D2	3
audio/train/output/d2_0503-01.wav	engine	D2	3
audio/train/output/d2_0504-00.wav	engine	D2	3
audio/train/output/d2_0505-00.wav	engine	D2	3
audio/train/output/d2_0506-00.wav	engine	D2	3
audio/train/output/d2_0506-01.wav	engine	D2	3
audio/train/output/d2_0507-00.wav	engine	D2	3
audio/train/output/d2_0508-00.wav	engine	D2	3
audio/train/output/d2_0509-00.wav	engine	D2	3
audio/train/output/d2_0509-01.wav	engine	D2	3
audio/train/output/d2_0510-00.wav	engine	D2	3
audio/train/output/d2_0511-00.wav	engine	D2	3
audio/train/output/d2_0512-00.wav	engine	D2	3
audio/train/output/d2_0513-00.wav	engine	D2	3
audio/train/output/d2_0514-00.wav	engine	D2	3
audio/train/output/d2_0515-00.wav	engine	D2	3
audio/train/output/d2_0515-01.wav	engine	D2	3
audio/train/output/d2_0516-00.wav	engine	D2	3
audio/train/output/d2_0516-01.wav	engine	D2	3
audio/train/output/d2_0517-00.wav	engine	D2	3
audio/train/output/d2_0517-01.wav	engine	D2	3
audio/train/output/d2_0518-00.wav	engine	D2	3
audio/train/output/d2_0519-00.wav	engine	D2	3
audio/train/output/d2_0520-00.wav	engine	D2	3
audio/train/output/d2_0521-00.wav	engine	D2	3
audio/train/output/d2_0522-00.wav	engine	D2	3
audio/train/output/d2_0523-00.wav	engine	D2	3
audio/train/output/d2_0524-00.wav	engine	D2	3
audio/train/output/d2_0525-00.wav	engine	D2	3
audio/train/output/d2_0526-00.wav	engine	D2	3
audio/train/output/d2_0527-00.wav	engine	D2	3
audio/train/output/d2_0528-00.wav	engine	D2	3
audio/train/output/d2_0528-01.wav	engine	D2	3
audio/train/output/d2_0529-00.wav	engine	D2	3
audio/train/output/d2_0529-01.wav	engine	D2	3
audio/train/output/d2_0530-00.wav	engine	D2	3
audio/train/output/d2_0530-01.wav	engine	D2	3
audio/train/output/d2_0531-00.wav	engine	D2	3
audio/train/output/d2_0531-01.wav	engine	D2	3
audio/train/output/d2_0532-00.wav	engine	D2	3
audio/train/output/d2_0533-00.wav	engine	D2	3
audio/train/output/d2_0534-00.wav	engine	D2	3
audio/train/output/d2_0535-00.wav	engine	D2	3
audio/train/output/d2_0535-01.wav	engine	D2	3
audio/train/output/d2_0536-00.wav	engine	D2	3
audio/train/output/d2_0537-00.wav	engine	D2	3
audio/train/output/d2_0538-00.wav	engine	D2	3
audio/train/output/d2_0539-00.wav	engine	D2	3
audio/train/output/d2_0540-00.wav	engine	D2	3
audio/train/output/d2_0541-00.wav	engine	D2	3
audio/train/output/d2_0541-01.wav	engine	D2	3
audio/train/output/d2_0542-00.wav	engine	D2	3
audio/train/output/d2_0543-00.wav	engine	D2	3
audio/train/output/d2_0543-01.wav	engine	D2	3
audio/train/output/d2_0544-00.wav	engine	D2	3
audio/train/output/d2_0545-00.wav	engine	D2	3
audio/train/output/d2_0546-00.wav	engine	D2	3
audio/train/output/d2_0547-00.wav	engine	D2	3
audio/train/output/d2_0548-00.wav	engine	D2	3
audio/train/output/d2_0548-01.wav	engine	D2	3
audio/train/output/d2_0549-00.wav	engine	D2	3
audio/train/output/d2_0550-00.wav	engine	D2	3
audio/train/output/d2_0551-00.wav	engine	D2	3
audio/train/output/d2_0551-01.wav	engine	D2	3
audio/train/output/d2_0552-00.wav	engine	D2	3
audio/train/output/d2_0552-01.wav	engine	D2	3
audio/train/output/d2_0553-00.wav	engine	D2	3
audio/train/output/d2_0553-01.wav	engine	D2	3
audio/train/output/d2_0554-00.wav	engine	D2	3
audio/train/output/d2_0555-00.wav	engine	D2	3
audio/train/output/d2_0555-01.wav	engine	D2	3
audio/train/output/d2_0556-00.wav	engine	D2	3
audio/train/output/d2_0556-01.wav	engine	D2	3
audio/train/output/d2_0557-00.wav	fire	D2	4
audio/train/output/d2_0558-00.wav	fire	D2	4
audio/train/output/d2_0558-01.wav	fire	D2	4
audio/train/output/d2_0559-00.wav	fire	D2	4
audio/train/output/d2_0560-00.wav	fire	D2	4
audio/train/output/d2_0561-00.wav	fire	D2	4
audio/train/output/d2_0562-00.wav	fire	D2	4
audio/train/output/d2_0562-01.wav	fire	D2	4
audio/train/output/d2_0563-00.wav	fire	D2	4
audio/train/output/d2_0564-00.wav	fire	D2	4
audio/train/output/d2_0565-00.wav	fire	D2	4
audio/train/output/d2_0565-01.wav	fire	D2	4
audio/train/output/d2_0566-00.wav	fire	D2	4
audio/train/output/d2_0567-00.wav	fire	D2	4
audio/train/output/d2_0568-00.wav	fire	D2	4
audio/train/output/d2_0569-00.wav	fire	D2	4
audio/train/output/d2_0569-01.wav	fire	D2	4
audio/train/output/d2_0570-00.wav	fire	D2	4
audio/train/output/d2_0570-01.wav	fire	D2	4
audio/train/output/d2_0571-00.wav	fire	D2	4
audio/train/output/d2_0572-00.wav	fire	D2	4
audio/train/output/d2_0572-01.wav	fire	D2	4
audio/train/output/d2_0573-00.wav	fire	D2	4
audio/train/output/d2_0574-00.wav	fire	D2	4
audio/train/output/d2_0574-01.wav	fire	D2	4
audio/train/output/d2_0575-00.wav	fire	D2	4
audio/train/output/d2_0575-01.wav	fire	D2	4
audio/train/output/d2_0576-00.wav	fire	D2	4
audio/train/output/d2_0576-01.wav	fire	D2	4
audio/train/output/d2_0577-00.wav	fire	D2	4
audio/train/output/d2_0578-00.wav	fire	D2	4
audio/train/output/d2_0578-01.wav	fire	D2	4
audio/train/output/d2_0579-00.wav	fire	D2	4
audio/train/output/d2_0579-01.wav	fire	D2	4
audio/train/output/d2_0580-00.wav	fire	D2	4
audio/train/output/d2_0581-00.wav	fire	D2	4
audio/train/output/d2_0582-00.wav	fire	D2	4
audio/train/output/d2_0582-01.wav	fire	D2	4
audio/train/output/d2_0583-00.wav	fire	D2	4
audio/train/output/d2_0583-01.wav	fire	D2	4
audio/train/output/d2_0584-00.wav	fire	D2	4
audio/train/output/d2_0585-00.wav	fire	D2	4
audio/train/output/d2_0586-00.wav	fire	D2	4
audio/train/output/d2_0586-01.wav	fire	D2	4
audio/train/output/d2_0587-00.wav	fire	D2	4
audio/train/output/d2_0588-00.wav	fire	D2	4
audio/train/output/d2_0589-00.wav	fire	D2	4
audio/train/output/d2_0590-00.wav	fire	D2	4
audio/train/output/d2_0591-00.wav	fire	D2	4
audio/train/output/d2_0591-01.wav	fire	D2	4
audio/train/output/d2_0592-00.wav	fire	D2	4
audio/train/output/d2_0593-00.wav	fire	D2	4
audio/train/output/d2_0594-00.wav	fire	D2	4
audio/train/output/d2_0595-00.wav	fire	D2	4
audio/train/output/d2_0596-00.wav	fire	D2	4
audio/train/output/d2_0596-01.wav	fire	D2	4
audio/train/output/d2_0597-00.wav	fire	D2	4
audio/train/output/d2_0598-00.wav	fire	D2	4
audio/train/output/d2_0599-00.wav	fire	D2	4
audio/train/output/d2_0600-00.wav	fire	D2	4
audio/train/output/d2_0601-00.wav	fire	D2	4
audio/train/output/d2_0601-01.wav	fire	D2	4
audio/train/output/d2_0601-02.wav	fire	D2	4
audio/train/output/d2_0602-00.wav	fire	D2	4
audio/train/output/d2_0603-00.wav	fire	D2	4
audio/train/output/d2_0604-00.wav	fire	D2	4
audio/train/output/d2_0605-00.wav	fire	D2	4
audio/train/output/d2_0605-01.wav	fire	D2	4
audio/train/output/d2_0606-00.wav	fire	D2	4
audio/train/output/d2_0607-00.wav	fire	D2	4
audio/train/output/d2_0607-01.wav	fire	D2	4
audio/train/output/d2_0608-00.wav	fire	D2	4
audio/train/output/d2_0608-01.wav	fire	D2	4
audio/train/output/d2_0609-00.wav	fire	D2	4
audio/train/output/d2_0609-01.wav	fire	D2	4
audio/train/output/d2_0610-00.wav	fire	D2	4
audio/train/output/d2_0611-00.wav	fire	D2	4
audio/train/output/d2_0611-01.wav	fire	D2	4
audio/train/output/d2_0612-00.wav	fire	D2	4
audio/train/output/d2_0612-01.wav	fire	D2	4
audio/train/output/d2_0613-00.wav	fire	D2	4
audio/train/output/d2_0614-00.wav	fire	D2	4
audio/train/output/d2_0614-01.wav	fire	D2	4
audio/train/output/d2_0615-00.wav	fire	D2	4
audio/train/output/d2_0616-00.wav	fire	D2	4
audio/train/output/d2_0616-01.wav	fire	D2	4
audio/train/output/d2_0617-00.wav	fire	D2	4
audio/train/output/d2_0618-00.wav	fire	D2	4
audio/train/output/d2_0618-01.wav	fire	D2	4
audio/train/output/d2_0619-00.wav	fire	D2	4
audio/train/output/d2_0620-00.wav	fire	D2	4
audio/train/output/d2_0620-01.wav	fire	D2	4
audio/train/output/d2_0621-00.wav	fire	D2	4
audio/train/output/d2_0622-00.wav	fire	D2	4
audio/train/output/d2_0623-00.wav	fire	D2	4
audio/train/output/d2_0624-00.wav	fire	D2	4
audio/train/output/d2_0625-00.wav	fire	D2	4
audio/train/output/d2_0626-00.wav	fire	D2	4
audio/train/output/d2_0626-01.wav	fire	D2	4
audio/train/output/d2_0627-00.wav	fire	D2	4
audio/train/output/d2_0628-00.wav	fire	D2	4
audio/train/output/d2_0629-00.wav	fire	D2	4
audio/train/output/d2_0630-00.wav	fire	D2	4
audio/train/output/d2_0631-00.wav	fire	D2	4
audio/train/output/d2_0632-00.wav	fire	D2	4
audio/train/output/d2_0633-00.wav	fire	D2	4
audio/train/output/d2_0634-00.wav	fire	D2	4
audio/train/output/d2_0634-01.wav	fire	D2	4
audio/train/output/d2_0635-00.wav	fire	D2	4
audio/train/output/d2_0635-01.wav	fire	D2	4
audio/train/output/d2_0636-00.wav	fire	D2	4
audio/train/output/d2_0636-01.wav	fire	D2	4
audio/train/output/d2_0637-00.wav	fire	D2	4
audio/train/output/d2_0638-00.wav	fire	D2	4
audio/train/output/d2_0638-01.wav	fire	D2	4
audio/train/output/d2_0639-00.wav	fire	D2	4
audio/train/output/d2_0640-00.wav	fire	D2	4
audio/train/output/d2_0641-00.wav	fire	D2	4
audio/train/output/d2_0642-00.wav	footsteps	D2	5
audio/train/output/d2_0643-00.wav	footsteps	D2	5
audio/train/output/d2_0643-01.wav	footsteps	D2	5
audio/train/output/d2_0644-00.wav	footsteps	D2	5
audio/train/output/d2_0644-01.wav	footsteps	D2	5
audio/train/output/d2_0645-00.wav	footsteps	D2	5
audio/train/output/d2_0646-00.wav	footsteps	D2	5
audio/train/output/d2_0647-00.wav	footsteps	D2	5
audio/train/output/d2_0647-01.wav	footsteps	D2	5
audio/train/output/d2_0648-00.wav	footsteps	D2	5
audio/train/output/d2_0648-01.wav	footsteps	D2	5
audio/train/output/d2_0649-00.wav	footsteps	D2	5
audio/train/output/d2_0650-00.wav	footsteps	D2	5
audio/train/output/d2_0650-01.wav	footsteps	D2	5
audio/train/output/d2_0651-00.wav	footsteps	D2	5
audio/train/output/d2_0652-00.wav	footsteps	D2	5
audio/train/output/d2_0653-00.wav	footsteps	D2	5
audio/train/output/d2_0654-00.wav	footsteps	D2	5
audio/train/output/d2_0655-00.wav	footsteps	D2	5
audio/train/output/d2_0656-00.wav	footsteps	D2	5
audio/train/output/d2_0657-00.wav	footsteps	D2	5
audio/train/output/d2_0657-01.wav	footsteps	D2	5
audio/train/output/d2_0658-00.wav	footsteps	D2	5
audio/train/output/d2_0659-00.wav	footsteps	D2	5
audio/train/output/d2_0659-01.wav	footsteps	D2	5
audio/train/output/d2_0660-00.wav	footsteps	D2	5
audio/train/output/d2_0661-00.wav	footsteps	D2	5
audio/train/output/d2_0661-01.wav	footsteps	D2	5
audio/train/output/d2_0662-00.wav	footsteps	D2	5
audio/train/output/d2_0663-00.wav	footsteps	D2	5
audio/train/output/d2_0664-00.wav	footsteps	D2	5
audio/train/output/d2_0664-01.wav	footsteps	D2	5
audio/train/output/d2_0665-00.wav	footsteps	D2	5
audio/train/output/d2_0665-01.wav	footsteps	D2	5
audio/train/output/d2_0666-00.wav	footsteps	D2	5
audio/train/output/d2_0666-01.wav	footsteps	D2	5
audio/train/output/d2_0667-00.wav	footsteps	D2	5
audio/train/output/d2_0667-01.wav	footsteps	D2	5
audio/train/output/d2_0668-00.wav	footsteps	D2	5
audio/train/output/d2_0668-01.wav	footsteps	D2	5
audio/train/output/d2_0669-00.wav	footsteps	D2	5
audio/train/output/d2_0670-00.wav	footsteps	D2	5
audio/train/output/d2_0671-00.wav	footsteps	D2	5
audio/train/output/d2_0672-00.wav	footsteps	D2	5
audio/train/output/d2_0673-00.wav	footsteps	D2	5
audio/train/output/d2_0674-00.wav	footsteps	D2	5
audio/train/output/d2_0674-01.wav	footsteps	D2	5
audio/train/output/d2_0675-00.wav	footsteps	D2	5
audio/train/output/d2_0675-01.wav	footsteps	D2	5
audio/train/output/d2_0676-00.wav	footsteps	D2	5
audio/train/output/d2_0676-01.wav	footsteps	D2	5
audio/train/output/d2_0677-00.wav	footsteps	D2	5
audio/train/output/d2_0677-01.wav	footsteps	D2	5
audio/train/output/d2_0678-00.wav	footsteps	D2	5
audio/train/output/d2_0679-00.wav	footsteps	D2	5
audio/train/output/d2_0679-01.wav	footsteps	D2	5
audio/train/output/d2_0679-02.wav	footsteps	D2	5
audio/train/output/d2_0680-00.wav	footsteps	D2	5
audio/train/output/d2_0680-01.wav	footsteps	D2	5
audio/train/output/d2_0681-00.wav	footsteps	D2	5
audio/train/output/d2_0682-00.wav	footsteps	D2	5
audio/train/output/d2_0683-00.wav	footsteps	D2	5
audio/train/output/d2_0684-00.wav	footsteps	D2	5
audio/train/output/d2_0685-00.wav	footsteps	D2	5
audio/train/output/d2_0686-00.wav	footsteps	D2	5
audio/train/output/d2_0687-00.wav	footsteps	D2	5
audio/train/output/d2_0688-00.wav	footsteps	D2	5
audio/train/output/d2_0689-00.wav	footsteps	D2	5
audio/train/output/d2_0689-01.wav	footsteps	D2	5
audio/train/output/d2_0690-00.wav	footsteps	D2	5
audio/train/output/d2_0690-01.wav	footsteps	D2	5
audio/train/output/d2_0691-00.wav	footsteps	D2	5
audio/train/output/d2_0692-00.wav	footsteps	D2	5
audio/train/output/d2_0693-00.wav	footsteps	D2	5
audio/train/output/d2_0694-00.wav	footsteps	D2	5
audio/train/output/d2_0695-00.wav	footsteps	D2	5
audio/train/output/d2_0696-00.wav	footsteps	D2	5
audio/train/output/d2_0696-01.wav	footsteps	D2	5
audio/train/output/d2_0697-00.wav	footsteps	D2	5
audio/train/output/d2_0698-00.wav	footsteps	D2	5
audio/train/output/d2_0699-00.wav	footsteps	D2	5
audio/train/output/d2_0699-01.wav	footsteps	D2	5
audio/train/output/d2_0700-00.wav	footsteps	D2	5
audio/train/output/d2_0700-01.wav	footsteps	D2	5
audio/train/output/d2_0701-00.wav	footsteps	D2	5
audio/train/output/d2_0702-00.wav	footsteps	D2	5
audio/train/output/d2_0703-00.wav	footsteps	D2	5
audio/train/output/d2_0704-00.wav	footsteps	D2	5
audio/train/output/d2_0705-00.wav	footsteps	D2	5
audio/train/output/d2_0705-01.wav	footsteps	D2	5
audio/train/output/d2_0706-00.wav	footsteps	D2	5
audio/train/output/d2_0707-00.wav	footsteps	D2	5
audio/train/output/d2_0707-01.wav	footsteps	D2	5
audio/train/output/d2_0708-00.wav	footsteps	D2	5
audio/train/output/d2_0708-01.wav	footsteps	D2	5
audio/train/output/d2_0709-00.wav	footsteps	D2	5
audio/train/output/d2_0709-01.wav	footsteps	D2	5
audio/train/output/d2_0710-00.wav	footsteps	D2	5
audio/train/output/d2_0710-01.wav	footsteps	D2	5
audio/train/output/d2_0711-00.wav	footsteps	D2	5
audio/train/output/d2_0711-01.wav	footsteps	D2	5
audio/train/output/d2_0712-00.wav	footsteps	D2	5
audio/train/output/d2_0713-00.wav	footsteps	D2	5
audio/train/output/d2_0714-00.wav	footsteps	D2	5
audio/train/output/d2_0715-00.wav	footsteps	D2	5
audio/train/output/d2_0716-00.wav	footsteps	D2	5
audio/train/output/d2_0716-01.wav	footsteps	D2	5
audio/train/output/d2_0717-00.wav	footsteps	D2	5
audio/train/output/d2_0717-01.wav	footsteps	D2	5
audio/train/output/d2_0718-00.wav	footsteps	D2	5
audio/train/output/d2_0718-01.wav	footsteps	D2	5
audio/train/output/d2_0719-00.wav	footsteps	D2	5
audio/train/output/d2_0719-01.wav	footsteps	D2	5
audio/train/output/d2_0720-00.wav	footsteps	D2	5
audio/train/output/d2_0721-00.wav	footsteps	D2	5
audio/train/output/d2_0721-01.wav	footsteps	D2	5
audio/train/output/d2_0722-00.wav	footsteps	D2	5
audio/train/output/d2_0722-01.wav	footsteps	D2	5
audio/train/output/d2_0723-00.wav	footsteps	D2	5
audio/train/output/d2_0723-01.wav	footsteps	D2	5
audio/train/output/d2_0724-00.wav	footsteps	D2	5
audio/train/output/d2_0725-00.wav	footsteps	D2	5
audio/train/output/d2_0726-00.wav	footsteps	D2	5
audio/train/output/d2_0726-01.wav	footsteps	D2	5
audio/train/output/d2_0727-00.wav	footsteps	D2	5
audio/train/output/d2_0728-00.wav	footsteps	D2	5
audio/train/output/d2_0728-01.wav	footsteps	D2	5
audio/train/output/d2_0729-00.wav	footsteps	D2	5
audio/train/output/d2_0729-01.wav	footsteps	D2	5
audio/train/output/d2_0730-00.wav	footsteps	D2	5
audio/train/output/d2_0730-01.wav	footsteps	D2	5
audio/train/output/d2_0731-00.wav	footsteps	D2	5
audio/train/output/d2_0732-00.wav	footsteps	D2	5
audio/train/output/d2_0732-01.wav	footsteps	D2	5
audio/train/output/d2_0733-00.wav	footsteps	D2	5
audio/train/output/d2_0733-01.wav	footsteps	D2	5
audio/train/output/d2_0734-00.wav	footsteps	D2	5
audio/train/output/d2_0734-01.wav	footsteps	D2	5
audio/train/output/d2_0735-00.wav	footsteps	D2	5
audio/train/output/d2_0735-01.wav	footsteps	D2	5
audio/train/output/d2_0736-00.wav	footsteps	D2	5
audio/train/output/d2_0736-01.wav	footsteps	D2	5
audio/train/output/d2_0737-00.wav	footsteps	D2	5
audio/train/output/d2_0738-00.wav	footsteps	D2	5
audio/train/output/d2_0738-01.wav	footsteps	D2	5
audio/train/output/d2_0739-00.wav	footsteps	D2	5
audio/train/output/d2_0739-01.wav	footsteps	D2	5
audio/train/output/d2_0740-00.wav	footsteps	D2	5
audio/train/output/d2_0740-01.wav	footsteps	D2	5
audio/train/output/d2_0741-00.wav	footsteps	D2	5
audio/train/output/d2_0741-01.wav	footsteps	D2	5
audio/train/output/d2_0742-00.wav	footsteps	D2	5
audio/train/output/d2_0742-01.wav	footsteps	D2	5
audio/train/output/d2_0743-00.wav	footsteps	D2	5
audio/train/output/d2_0743-01.wav	footsteps	D2	5
audio/train/output/d2_0744-00.wav	footsteps	D2	5
audio/train/output/d2_0744-01.wav	footsteps	D2	5
audio/train/output/d2_0745-00.wav	footsteps	D2	5
audio/train/output/d2_0746-00.wav	footsteps	D2	5
audio/train/output/d2_0747-00.wav	footsteps	D2	5
audio/train/output/d2_0747-01.wav	footsteps	D2	5
audio/train/output/d2_0748-00.wav	footsteps	D2	5
audio/train/output/d2_0748-01.wav	footsteps	D2	5
audio/train/output/d2_0749-00.wav	footsteps	D2	5
audio/train/output/d2_0749-01.wav	footsteps	D2	5
audio/train/output/d2_0750-00.wav	footsteps	D2	5
audio/train/output/d2_0750-01.wav	footsteps	D2	5
audio/train/output/d2_0751-00.wav	footsteps	D2	5
audio/train/output/d2_0752-00.wav	footsteps	D2	5
audio/train/output/d2_0753-00.wav	footsteps	D2	5
audio/train/output/d2_0753-01.wav	footsteps	D2	5
audio/train/output/d2_0754-00.wav	footsteps	D2	5
audio/train/output/d2_0755-00.wav	footsteps	D2	5
audio/train/output/d2_0756-00.wav	footsteps	D2	5
audio/train/output/d2_0757-00.wav	knock	D2	6
audio/train/output/d2_0758-00.wav	knock	D2	6
audio/train/output/d2_0759-00.wav	knock	D2	6
audio/train/output/d2_0760-00.wav	knock	D2	6
audio/train/output/d2_0761-00.wav	knock	D2	6
audio/train/output/d2_0762-00.wav	knock	D2	6
audio/train/output/d2_0763-00.wav	knock	D2	6
audio/train/output/d2_0764-00.wav	knock	D2	6
audio/train/output/d2_0765-00.wav	knock	D2	6
audio/train/output/d2_0766-00.wav	knock	D2	6
audio/train/output/d2_0767-00.wav	knock	D2	6
audio/train/output/d2_0768-00.wav	knock	D2	6
audio/train/output/d2_0769-00.wav	knock	D2	6
audio/train/output/d2_0770-00.wav	knock	D2	6
audio/train/output/d2_0771-00.wav	knock	D2	6
audio/train/output/d2_0772-00.wav	knock	D2	6
audio/train/output/d2_0773-00.wav	knock	D2	6
audio/train/output/d2_0774-00.wav	knock	D2	6
audio/train/output/d2_0775-00.wav	knock	D2	6
audio/train/output/d2_0776-00.wav	knock	D2	6
audio/train/output/d2_0777-00.wav	knock	D2	6
audio/train/output/d2_0778-00.wav	knock	D2	6
audio/train/output/d2_0779-00.wav	knock	D2	6
audio/train/output/d2_0780-00.wav	knock	D2	6
audio/train/output/d2_0781-00.wav	knock	D2	6
audio/train/output/d2_0782-00.wav	knock	D2	6
audio/train/output/d2_0783-00.wav	knock	D2	6
audio/train/output/d2_0783-01.wav	knock	D2	6
audio/train/output/d2_0784-00.wav	knock	D2	6
audio/train/output/d2_0784-01.wav	knock	D2	6
audio/train/output/d2_0785-00.wav	knock	D2	6
audio/train/output/d2_0786-00.wav	knock	D2	6
audio/train/output/d2_0787-00.wav	knock	D2	6
audio/train/output/d2_0788-00.wav	knock	D2	6
audio/train/output/d2_0789-00.wav	knock	D2	6
audio/train/output/d2_0789-01.wav	knock	D2	6
audio/train/output/d2_0790-00.wav	knock	D2	6
audio/train/output/d2_0791-00.wav	knock	D2	6
audio/train/output/d2_0792-00.wav	knock	D2	6
audio/train/output/d2_0793-00.wav	knock	D2	6
audio/train/output/d2_0794-00.wav	knock	D2	6
audio/train/output/d2_0794-01.wav	knock	D2	6
audio/train/output/d2_0795-00.wav	knock	D2	6
audio/train/output/d2_0796-00.wav	knock	D2	6
audio/train/output/d2_0797-00.wav	knock	D2	6
audio/train/output/d2_0797-01.wav	knock	D2	6
audio/train/output/d2_0798-00.wav	knock	D2	6
audio/train/output/d2_0799-00.wav	knock	D2	6
audio/train/output/d2_0800-00.wav	knock	D2	6
audio/train/output/d2_0801-00.wav	knock	D2	6
audio/train/output/d2_0802-00.wav	knock	D2	6
audio/train/output/d2_0803-00.wav	knock	D2	6
audio/train/output/d2_0804-00.wav	knock	D2	6
audio/train/output/d2_0805-00.wav	knock	D2	6
audio/train/output/d2_0806-00.wav	knock	D2	6
audio/train/output/d2_0807-00.wav	knock	D2	6
audio/train/output/d2_0808-00.wav	knock	D2	6
audio/train/output/d2_0809-00.wav	knock	D2	6
audio/train/output/d2_0810-00.wav	knock	D2	6
audio/train/output/d2_0811-00.wav	knock	D2	6
audio/train/output/d2_0812-00.wav	knock	D2	6
audio/train/output/d2_0813-00.wav	knock	D2	6
audio/train/output/d2_0814-00.wav	knock	D2	6
audio/train/output/d2_0815-00.wav	knock	D2	6
audio/train/output/d2_0816-00.wav	knock	D2	6
audio/train/output/d2_0817-00.wav	knock	D2	6
audio/train/output/d2_0818-00.wav	knock	D2	6
audio/train/output/d2_0819-00.wav	knock	D2	6
audio/train/output/d2_0820-00.wav	knock	D2	6
audio/train/output/d2_0821-00.wav	knock	D2	6
audio/train/output/d2_0822-00.wav	knock	D2	6
audio/train/output/d2_0823-00.wav	knock	D2	6
audio/train/output/d2_0824-00.wav	knock	D2	6
audio/train/output/d2_0825-00.wav	knock	D2	6
audio/train/output/d2_0826-00.wav	knock	D2	6
audio/train/output/d2_0827-00.wav	knock	D2	6
audio/train/output/d2_0827-01.wav	knock	D2	6
audio/train/output/d2_0828-00.wav	knock	D2	6
audio/train/output/d2_0829-00.wav	knock	D2	6
audio/train/output/d2_0829-01.wav	knock	D2	6
audio/train/output/d2_0830-00.wav	knock	D2	6
audio/train/output/d2_0831-00.wav	knock	D2	6
audio/train/output/d2_0832-00.wav	knock	D2	6
audio/train/output/d2_0833-00.wav	knock	D2	6
audio/train/output/d2_0834-00.wav	knock	D2	6
audio/train/output/d2_0835-00.wav	knock	D2	6
audio/train/output/d2_0836-00.wav	knock	D2	6
audio/train/output/d2_0837-00.wav	knock	D2	6
audio/train/output/d2_0838-00.wav	knock	D2	6
audio/train/output/d2_0839-00.wav	knock	D2	6
audio/train/output/d2_0840-00.wav	piano	D2	8
audio/train/output/d2_0841-00.wav	piano	D2	8
audio/train/output/d2_0841-01.wav	piano	D2	8
audio/train/output/d2_0842-00.wav	piano	D2	8
audio/train/output/d2_0843-00.wav	piano	D2	8
audio/train/output/d2_0844-00.wav	piano	D2	8
audio/train/output/d2_0845-00.wav	piano	D2	8
audio/train/output/d2_0846-00.wav	piano	D2	8
audio/train/output/d2_0847-00.wav	piano	D2	8
audio/train/output/d2_0848-00.wav	piano	D2	8
audio/train/output/d2_0849-00.wav	piano	D2	8
audio/train/output/d2_0850-00.wav	piano	D2	8
audio/train/output/d2_0851-00.wav	piano	D2	8
audio/train/output/d2_0852-00.wav	piano	D2	8
audio/train/output/d2_0853-00.wav	piano	D2	8
audio/train/output/d2_0854-00.wav	piano	D2	8
audio/train/output/d2_0855-00.wav	piano	D2	8
audio/train/output/d2_0856-00.wav	piano	D2	8
audio/train/output/d2_0857-00.wav	piano	D2	8
audio/train/output/d2_0858-00.wav	piano	D2	8
audio/train/output/d2_0859-00.wav	piano	D2	8
audio/train/output/d2_0860-00.wav	piano	D2	8
audio/train/output/d2_0861-00.wav	piano	D2	8
audio/train/output/d2_0862-00.wav	piano	D2	8
audio/train/output/d2_0863-00.wav	piano	D2	8
audio/train/output/d2_0864-00.wav	piano	D2	8
audio/train/output/d2_0865-00.wav	piano	D2	8
audio/train/output/d2_0866-00.wav	piano	D2	8
audio/train/output/d2_0866-01.wav	piano	D2	8
audio/train/output/d2_0867-00.wav	piano	D2	8
audio/train/output/d2_0868-00.wav	piano	D2	8
audio/train/output/d2_0869-00.wav	piano	D2	8
audio/train/output/d2_0870-00.wav	piano	D2	8
audio/train/output/d2_0870-01.wav	piano	D2	8
audio/train/output/d2_0871-00.wav	piano	D2	8
audio/train/output/d2_0872-00.wav	piano	D2	8
audio/train/output/d2_0873-00.wav	piano	D2	8
audio/train/output/d2_0873-01.wav	piano	D2	8
audio/train/output/d2_0873-02.wav	piano	D2	8
audio/train/output/d2_0874-00.wav	piano	D2	8
audio/train/output/d2_0874-01.wav	piano	D2	8
audio/train/output/d2_0875-00.wav	piano	D2	8
audio/train/output/d2_0876-00.wav	piano	D2	8
audio/train/output/d2_0876-01.wav	piano	D2	8
audio/train/output/d2_0877-00.wav	piano	D2	8
audio/train/output/d2_0877-01.wav	piano	D2	8
audio/train/output/d2_0878-00.wav	piano	D2	8
audio/train/output/d2_0879-00.wav	piano	D2	8
audio/train/output/d2_0879-01.wav	piano	D2	8
audio/train/output/d2_0880-00.wav	piano	D2	8
audio/train/output/d2_0880-01.wav	piano	D2	8
audio/train/output/d2_0881-00.wav	piano	D2	8
audio/train/output/d2_0881-01.wav	piano	D2	8
audio/train/output/d2_0882-00.wav	piano	D2	8
audio/train/output/d2_0883-00.wav	piano	D2	8
audio/train/output/d2_0884-00.wav	piano	D2	8
audio/train/output/d2_0884-01.wav	piano	D2	8
audio/train/output/d2_0885-00.wav	piano	D2	8
audio/train/output/d2_0886-00.wav	piano	D2	8
audio/train/output/d2_0887-00.wav	piano	D2	8
audio/train/output/d2_0888-00.wav	piano	D2	8
audio/train/output/d2_0888-01.wav	piano	D2	8
audio/train/output/d2_0889-00.wav	piano	D2	8
audio/train/output/d2_0890-00.wav	piano	D2	8
audio/train/output/d2_0890-01.wav	piano	D2	8
audio/train/output/d2_0890-02.wav	piano	D2	8
audio/train/output/d2_0891-00.wav	piano	D2	8
audio/train/output/d2_0892-00.wav	piano	D2	8
audio/train/output/d2_0892-01.wav	piano	D2	8
audio/train/output/d2_0893-00.wav	piano	D2	8
audio/train/output/d2_0894-00.wav	piano	D2	8
audio/train/output/d2_0895-00.wav	piano	D2	8
audio/train/output/d2_0896-00.wav	piano	D2	8
audio/train/output/d2_0896-01.wav	piano	D2	8
audio/train/output/d2_0897-00.wav	piano	D2	8
audio/train/output/d2_0898-00.wav	piano	D2	8
audio/train/output/d2_0899-00.wav	piano	D2	8
audio/train/output/d2_0900-00.wav	piano	D2	8
audio/train/output/d2_0900-01.wav	piano	D2	8
audio/train/output/d2_0901-00.wav	piano	D2	8
audio/train/output/d2_0901-01.wav	piano	D2	8
audio/train/output/d2_0902-00.wav	piano	D2	8
audio/train/output/d2_0903-00.wav	piano	D2	8
audio/train/output/d2_0903-01.wav	piano	D2	8
audio/train/output/d2_0904-00.wav	piano	D2	8
audio/train/output/d2_0904-01.wav	piano	D2	8
audio/train/output/d2_0905-00.wav	piano	D2	8
audio/train/output/d2_0905-01.wav	piano	D2	8
audio/train/output/d2_0906-00.wav	piano	D2	8
audio/train/output/d2_0906-01.wav	piano	D2	8
audio/train/output/d2_0907-00.wav	piano	D2	8
audio/train/output/d2_0907-01.wav	piano	D2	8
audio/train/output/d2_0908-00.wav	piano	D2	8
audio/train/output/d2_0909-00.wav	piano	D2	8
audio/train/output/d2_0909-01.wav	piano	D2	8
audio/train/output/d2_0910-00.wav	piano	D2	8
audio/train/output/d2_0910-01.wav	piano	D2	8
audio/train/output/d2_0911-00.wav	piano	D2	8
audio/train/output/d2_0912-00.wav	piano	D2	8
audio/train/output/d2_0913-00.wav	piano	D2	8
audio/train/output/d2_0913-01.wav	piano	D2	8
audio/train/output/d2_0914-00.wav	piano	D2	8
audio/train/output/d2_0914-01.wav	piano	D2	8
audio/train/output/d2_0915-00.wav	piano	D2	8
audio/train/output/d2_0915-01.wav	piano	D2	8
audio/train/output/d2_0916-00.wav	piano	D2	8
audio/train/output/d2_0917-00.wav	piano	D2	8
audio/train/output/d2_0917-01.wav	piano	D2	8
audio/train/output/d2_0918-00.wav	piano	D2	8
audio/train/output/d2_0918-01.wav	piano	D2	8
audio/train/output/d2_0919-00.wav	piano	D2	8
audio/train/output/d2_0920-00.wav	piano	D2	8
audio/train/output/d2_0921-00.wav	piano	D2	8
audio/train/output/d2_0921-01.wav	piano	D2	8
audio/train/output/d2_0922-00.wav	piano	D2	8
audio/train/output/d2_0923-00.wav	piano	D2	8
audio/train/output/d2_0924-00.wav	piano	D2	8
audio/train/output/d2_0925-00.wav	piano	D2	8
audio/train/output/d2_0925-01.wav	piano	D2	8
audio/train/output/d2_0926-00.wav	piano	D2	8
audio/train/output/d2_0927-00.wav	piano	D2	8
audio/train/output/d2_0928-00.wav	piano	D2	8
audio/train/output/d2_0929-00.wav	piano	D2	8
audio/train/output/d2_0929-01.wav	piano	D2	8
audio/train/output/d2_0930-00.wav	piano	D2	8
audio/train/output/d2_0930-01.wav	piano	D2	8
audio/train/output/d2_0931-00.wav	piano	D2	8
audio/train/output/d2_0932-00.wav	piano	D2	8
audio/train/output/d2_0933-00.wav	piano	D2	8
audio/train/output/d2_0933-01.wav	piano	D2	8
audio/train/output/d2_0934-00.wav	piano	D2	8
audio/train/output/d2_0934-01.wav	piano	D2	8
audio/train/output/d2_0935-00.wav	piano	D2	8
audio/train/output/d2_0935-01.wav	piano	D2	8
audio/train/output/d2_0936-00.wav	piano	D2	8
audio/train/output/d2_0937-00.wav	piano	D2	8
audio/train/output/d2_0937-01.wav	piano	D2	8
audio/train/output/d2_0938-00.wav	piano	D2	8
audio/train/output/d2_0939-00.wav	piano	D2	8
audio/train/output/d2_0939-01.wav	piano	D2	8
audio/train/output/d2_0940-00.wav	piano	D2	8
audio/train/output/d2_0940-01.wav	piano	D2	8
audio/train/output/d2_0941-00.wav	piano	D2	8
audio/train/output/d2_0941-01.wav	piano	D2	8
audio/train/output/d2_0942-00.wav	piano	D2	8
audio/train/output/d2_0942-01.wav	piano	D2	8
audio/train/output/d2_0943-00.wav	piano	D2	8
audio/train/output/d2_0944-00.wav	piano	D2	8
audio/train/output/d2_0945-00.wav	piano	D2	8
audio/train/output/d2_0945-01.wav	piano	D2	8
audio/train/output/d2_0946-00.wav	piano	D2	8
audio/train/output/d2_0947-00.wav	piano	D2	8
audio/train/output/d2_0948-00.wav	piano	D2	8
audio/train/output/d2_0949-00.wav	piano	D2	8
audio/train/output/d2_0950-00.wav	piano	D2	8
audio/train/output/d2_0951-00.wav	piano	D2	8
audio/train/output/d2_0952-00.wav	piano	D2	8
audio/train/output/d2_0953-00.wav	piano	D2	8
audio/train/output/d2_0954-00.wav	piano	D2	8
audio/train/output/d2_0955-00.wav	piano	D2	8
audio/train/output/d2_0955-01.wav	piano	D2	8
audio/train/output/d2_0956-00.wav	piano	D2	8
audio/train/output/d2_0957-00.wav	piano	D2	8
audio/train/output/d2_0958-00.wav	piano	D2	8
audio/train/output/d2_0959-00.wav	piano	D2	8
audio/train/output/d2_0960-00.wav	piano	D2	8
audio/train/output/d2_0961-00.wav	piano	D2	8
audio/train/output/d2_0961-01.wav	piano	D2	8
audio/train/output/d2_0962-00.wav	piano	D2	8
audio/train/output/d2_0963-00.wav	piano	D2	8
audio/train/output/d2_0964-00.wav	piano	D2	8
audio/train/output/d2_0965-00.wav	piano	D2	8
audio/train/output/d2_0966-00.wav	piano	D2	8
audio/train/output/d2_0967-00.wav	piano	D2	8
audio/train/output/d2_0968-00.wav	piano	D2	8
audio/train/output/d2_0969-00.wav	piano	D2	8
audio/train/output/d2_0970-00.wav	piano	D2	8
audio/train/output/d2_0971-00.wav	piano	D2	8
audio/train/output/d2_0972-00.wav	piano	D2	8
audio/train/output/d2_0973-00.wav	piano	D2	8
audio/train/output/d2_0974-00.wav	piano	D2	8
audio/train/output/d2_0975-00.wav	piano	D2	8
audio/train/output/d2_0976-00.wav	piano	D2	8
audio/train/output/d2_0977-00.wav	piano	D2	8
audio/train/output/d2_0978-00.wav	piano	D2	8
audio/train/output/d2_0979-00.wav	piano	D2	8
audio/train/output/d2_0980-00.wav	piano	D2	8
audio/train/output/d2_0980-01.wav	piano	D2	8
audio/train/output/d2_0981-00.wav	piano	D2	8
audio/train/output/d2_0982-00.wav	piano	D2	8
audio/train/output/d2_0983-00.wav	piano	D2	8
audio/train/output/d2_0984-00.wav	piano	D2	8
audio/train/output/d2_0985-00.wav	piano	D2	8
audio/train/output/d2_0986-00.wav	piano	D2	8
audio/train/output/d2_0987-00.wav	piano	D2	8
audio/train/output/d2_0988-00.wav	piano	D2	8
audio/train/output/d2_0989-00.wav	piano	D2	8
audio/train/output/d2_0990-00.wav	piano	D2	8
audio/train/output/d2_0991-00.wav	piano	D2	8
audio/train/output/d2_0992-00.wav	piano	D2	8
audio/train/output/d2_0993-00.wav	piano	D2	8
audio/train/output/d2_0993-01.wav	piano	D2	8
audio/train/output/d2_0994-00.wav	piano	D2	8
audio/train/output/d2_0995-00.wav	piano	D2	8
audio/train/output/d2_0995-01.wav	piano	D2	8
audio/train/output/d2_0996-00.wav	piano	D2	8
audio/train/output/d2_0997-00.wav	piano	D2	8
audio/train/output/d2_0998-00.wav	piano	D2	8
audio/train/output/d2_0999-00.wav	piano	D2	8
audio/train/output/d2_0999-01.wav	piano	D2	8
audio/train/output/d2_1000-00.wav	piano	D2	8
audio/train/output/d2_1001-00.wav	piano	D2	8
audio/train/output/d2_1002-00.wav	piano	D2	8
audio/train/output/d2_1003-00.wav	piano	D2	8
audio/train/output/d2_1003-01.wav	piano	D2	8
audio/train/output/d2_1004-00.wav	piano	D2	8
audio/train/output/d2_1005-00.wav	piano	D2	8
audio/train/output/d2_1005-01.wav	piano	D2	8
audio/train/output/d2_1006-00.wav	piano	D2	8
audio/train/output/d2_1006-01.wav	piano	D2	8
audio/train/output/d2_1007-00.wav	piano	D2	8
audio/train/output/d2_1008-00.wav	piano	D2	8
audio/train/output/d2_1008-01.wav	piano	D2	8
audio/train/output/d2_1009-00.wav	piano	D2	8
audio/train/output/d2_1009-01.wav	piano	D2	8
audio/train/output/d2_1010-00.wav	piano	D2	8
audio/train/output/d2_1011-00.wav	piano	D2	8
audio/train/output/d2_1012-00.wav	piano	D2	8
audio/train/output/d2_1012-01.wav	piano	D2	8
audio/train/output/d2_1013-00.wav	piano	D2	8
audio/train/output/d2_1013-01.wav	piano	D2	8
audio/train/output/d2_1014-00.wav	piano	D2	8
audio/train/output/d2_1014-01.wav	piano	D2	8
audio/train/output/d2_1015-00.wav	piano	D2	8
audio/train/output/d2_1016-00.wav	piano	D2	8
audio/train/output/d2_1016-01.wav	piano	D2	8
audio/train/output/d2_1017-00.wav	piano	D2	8
audio/train/output/d2_1018-00.wav	piano	D2	8
audio/train/output/d2_1019-00.wav	piano	D2	8
audio/train/output/d2_1020-00.wav	piano	D2	8
audio/train/output/d2_1021-00.wav	piano	D2	8
audio/train/output/d2_1022-00.wav	piano	D2	8
audio/train/output/d2_1023-00.wav	piano	D2	8
audio/train/output/d2_1024-00.wav	piano	D2	8
audio/train/output/d2_1024-01.wav	piano	D2	8
audio/train/output/d2_1025-00.wav	piano	D2	8
audio/train/output/d2_1026-00.wav	piano	D2	8
audio/train/output/d2_1027-00.wav	piano	D2	8
audio/train/output/d2_1028-00.wav	piano	D2	8
audio/train/output/d2_1029-00.wav	piano	D2	8
audio/train/output/d2_1030-00.wav	piano	D2	8
audio/train/output/d2_1031-00.wav	piano	D2	8
audio/train/output/d2_1031-01.wav	piano	D2	8
audio/train/output/d2_1032-00.wav	piano	D2	8
audio/train/output/d2_1033-00.wav	piano	D2	8
audio/train/output/d2_1034-00.wav	piano	D2	8
audio/train/output/d2_1035-00.wav	piano	D2	8
audio/train/output/d2_1036-00.wav	piano	D2	8
audio/train/output/d2_1037-00.wav	piano	D2	8
audio/train/output/d2_1038-00.wav	piano	D2	8
audio/train/output/d2_1039-00.wav	piano	D2	8
audio/train/output/d2_1040-00.wav	piano	D2	8
audio/train/output/d2_1041-00.wav	piano	D2	8
audio/train/output/d2_1042-00.wav	piano	D2	8
audio/train/output/d2_1043-00.wav	piano	D2	8
audio/train/output/d2_1044-00.wav	piano	D2	8
audio/train/output/d2_1044-01.wav	piano	D2	8
audio/train/output/d2_1045-00.wav	piano	D2	8
audio/train/output/d2_1046-00.wav	piano	D2	8
audio/train/output/d2_1047-00.wav	piano	D2	8
audio/train/output/d2_1047-01.wav	piano	D2	8
audio/train/output/d2_1048-00.wav	piano	D2	8
audio/train/output/d2_1048-01.wav	piano	D2	8
audio/train/output/d2_1049-00.wav	piano	D2	8
audio/train/output/d2_1050-00.wav	piano	D2	8
audio/train/output/d2_1050-01.wav	piano	D2	8
audio/train/output/d2_1051-00.wav	piano	D2	8
audio/train/output/d2_1051-01.wav	piano	D2	8
audio/train/output/d2_1052-00.wav	piano	D2	8
audio/train/output/d2_1052-01.wav	piano	D2	8
audio/train/output/d2_1053-00.wav	piano	D2	8
audio/train/output/d2_1053-01.wav	piano	D2	8
audio/train/output/d2_1054-00.wav	piano	D2	8
audio/train/output/d2_1054-01.wav	piano	D2	8
audio/train/output/d2_1055-00.wav	piano	D2	8
audio/train/output/d2_1055-01.wav	piano	D2	8
audio/train/output/d2_1056-00.wav	piano	D2	8
audio/train/output/d2_1056-01.wav	piano	D2	8
audio/train/output/d2_1057-00.wav	piano	D2	8
audio/train/output/d2_1057-01.wav	piano	D2	8
audio/train/output/d2_1058-00.wav	piano	D2	8
audio/train/output/d2_1058-01.wav	piano	D2	8
audio/train/output/d2_1059-00.wav	piano	D2	8
audio/train/output/d2_1059-01.wav	piano	D2	8
audio/train/output/d2_1060-00.wav	piano	D2	8
audio/train/output/d2_1060-01.wav	piano	D2	8
audio/train/output/d2_1061-00.wav	piano	D2	8
audio/train/output/d2_1061-01.wav	piano	D2	8
audio/train/output/d2_1062-00.wav	piano	D2	8
audio/train/output/d2_1062-01.wav	piano	D2	8
audio/train/output/d2_1063-00.wav	piano	D2	8
audio/train/output/d2_1063-01.wav	piano	D2	8
audio/train/output/d2_1064-00.wav	piano	D2	8
audio/train/output/d2_1064-01.wav	piano	D2	8
audio/train/output/d2_1065-00.wav	piano	D2	8
audio/train/output/d2_1066-00.wav	piano	D2	8
audio/train/output/d2_1067-00.wav	speech	D2	9
audio/train/output/d2_1068-00.wav	speech	D2	9
audio/train/output/d2_1069-00.wav	speech	D2	9
audio/train/output/d2_1070-00.wav	speech	D2	9
audio/train/output/d2_1071-00.wav	speech	D2	9
audio/train/output/d2_1072-00.wav	speech	D2	9
audio/train/output/d2_1073-00.wav	speech	D2	9
audio/train/output/d2_1074-00.wav	speech	D2	9
audio/train/output/d2_1075-00.wav	speech	D2	9
audio/train/output/d2_1076-00.wav	speech	D2	9
audio/train/output/d2_1077-00.wav	speech	D2	9
audio/train/output/d2_1078-00.wav	speech	D2	9
audio/train/output/d2_1079-00.wav	speech	D2	9
audio/train/output/d2_1080-00.wav	speech	D2	9
audio/train/output/d2_1081-00.wav	speech	D2	9
audio/train/output/d2_1082-00.wav	speech	D2	9
audio/train/output/d2_1083-00.wav	speech	D2	9
audio/train/output/d2_1084-00.wav	speech	D2	9
audio/train/output/d2_1085-00.wav	speech	D2	9
audio/train/output/d2_1086-00.wav	speech	D2	9
audio/train/output/d2_1087-00.wav	speech	D2	9
audio/train/output/d2_1088-00.wav	speech	D2	9
audio/train/output/d2_1089-00.wav	speech	D2	9
audio/train/output/d2_1090-00.wav	speech	D2	9
audio/train/output/d2_1091-00.wav	speech	D2	9
audio/train/output/d2_1092-00.wav	speech	D2	9
audio/train/output/d2_1093-00.wav	speech	D2	9
audio/train/output/d2_1094-00.wav	speech	D2	9
audio/train/output/d2_1095-00.wav	speech	D2	9
audio/train/output/d2_1096-00.wav	speech	D2	9
audio/train/output/d2_1097-00.wav	speech	D2	9
audio/train/output/d2_1098-00.wav	speech	D2	9
audio/train/output/d2_1099-00.wav	speech	D2	9
audio/train/output/d2_1100-00.wav	speech	D2	9
audio/train/output/d2_1101-00.wav	speech	D2	9
audio/train/output/d2_1102-00.wav	speech	D2	9
audio/train/output/d2_1103-00.wav	speech	D2	9
audio/train/output/d2_1104-00.wav	speech	D2	9
audio/train/output/d2_1105-00.wav	speech	D2	9
audio/train/output/d2_1106-00.wav	speech	D2	9
audio/train/output/d2_1107-00.wav	speech	D2	9
audio/train/output/d2_1108-00.wav	speech	D2	9
audio/train/output/d2_1109-00.wav	speech	D2	9
audio/train/output/d2_1110-00.wav	speech	D2	9
audio/train/output/d2_1111-00.wav	speech	D2	9
audio/train/output/d2_1112-00.wav	speech	D2	9
audio/train/output/d2_1113-00.wav	speech	D2	9
audio/train/output/d2_1114-00.wav	speech	D2	9
audio/train/output/d2_1115-00.wav	speech	D2	9
audio/train/output/d2_1116-00.wav	speech	D2	9
audio/train/output/d2_1117-00.wav	speech	D2	9
audio/train/output/d2_1118-00.wav	speech	D2	9
audio/train/output/d2_1119-00.wav	speech	D2	9
audio/train/output/d2_1120-00.wav	speech	D2	9
audio/train/output/d2_1121-00.wav	speech	D2	9
audio/train/output/d2_1122-00.wav	speech	D2	9
audio/train/output/d2_1122-01.wav	speech	D2	9
audio/train/output/d2_1123-00.wav	speech	D2	9
audio/train/output/d2_1124-00.wav	speech	D2	9
audio/train/output/d2_1125-00.wav	speech	D2	9
audio/train/output/d2_1126-00.wav	speech	D2	9
audio/train/output/d2_1127-00.wav	speech	D2	9
audio/train/output/d2_1128-00.wav	speech	D2	9
audio/train/output/d2_1129-00.wav	speech	D2	9
audio/train/output/d2_1130-00.wav	speech	D2	9
audio/train/output/d2_1131-00.wav	speech	D2	9
audio/train/output/d2_1132-00.wav	speech	D2	9
audio/train/output/d2_1132-01.wav	speech	D2	9
audio/train/output/d2_1133-00.wav	speech	D2	9
audio/train/output/d2_1134-00.wav	speech	D2	9
audio/train/output/d2_1135-00.wav	speech	D2	9
audio/train/output/d2_1136-00.wav	speech	D2	9
audio/train/output/d2_1137-00.wav	speech	D2	9
audio/train/output/d2_1138-00.wav	speech	D2	9
audio/train/output/d2_1139-00.wav	speech	D2	9
audio/train/output/d2_1140-00.wav	speech	D2	9
audio/train/output/d2_1141-00.wav	speech	D2	9
audio/train/output/d2_1142-00.wav	speech	D2	9
audio/train/output/d2_1143-00.wav	speech	D2	9
audio/train/output/d2_1144-00.wav	speech	D2	9
audio/train/output/d2_1145-00.wav	speech	D2	9
audio/train/output/d2_1146-00.wav	speech	D2	9
audio/train/output/d2_1147-00.wav	speech	D2	9
audio/train/output/d2_1148-00.wav	speech	D2	9
audio/train/output/d2_1149-00.wav	speech	D2	9
audio/train/output/d2_1150-00.wav	speech	D2	9
audio/train/output/d2_1151-00.wav	speech	D2	9
audio/train/output/d2_1152-00.wav	speech	D2	9
audio/train/output/d2_1153-00.wav	speech	D2	9
audio/train/output/d2_1154-00.wav	speech	D2	9
audio/train/output/d2_1155-00.wav	speech	D2	9
audio/train/output/d2_1156-00.wav	speech	D2	9
audio/train/output/d2_1157-00.wav	speech	D2	9
audio/train/output/d2_1158-00.wav	speech	D2	9
audio/train/output/d2_1159-00.wav	speech	D2	9
audio/train/output/d2_1160-00.wav	speech	D2	9
audio/train/output/d2_1161-00.wav	speech	D2	9
audio/train/output/d2_1162-00.wav	speech	D2	9
audio/train/output/d2_1163-00.wav	speech	D2	9
audio/train/output/d2_1164-00.wav	speech	D2	9
audio/train/output/d2_1165-00.wav	speech	D2	9
audio/train/output/d2_1166-00.wav	speech	D2	9
audio/train/output/d2_1167-00.wav	speech	D2	9
audio/train/output/d2_1168-00.wav	speech	D2	9
audio/train/output/d2_1169-00.wav	speech	D2	9
audio/train/output/d2_1170-00.wav	speech	D2	9
audio/train/output/d2_1171-00.wav	speech	D2	9
audio/train/output/d2_1172-00.wav	speech	D2	9
audio/train/output/d2_1173-00.wav	speech	D2	9
audio/train/output/d2_1173-01.wav	speech	D2	9
audio/train/output/d2_1174-00.wav	speech	D2	9
audio/train/output/d2_1174-01.wav	speech	D2	9
audio/train/output/d2_1175-00.wav	speech	D2	9
audio/train/output/d2_1176-00.wav	speech	D2	9
audio/train/output/d2_1177-00.wav	speech	D2	9
audio/train/output/d2_1178-00.wav	speech	D2	9
audio/train/output/d2_1179-00.wav	speech	D2	9
audio/train/output/d2_1180-00.wav	speech	D2	9
audio/train/output/d2_1181-00.wav	speech	D2	9
audio/train/output/d2_1181-01.wav	speech	D2	9
audio/train/output/d2_1182-00.wav	speech	D2	9
audio/train/output/d2_1183-00.wav	speech	D2	9
audio/train/output/d2_1184-00.wav	speech	D2	9
audio/train/output/d2_1185-00.wav	speech	D2	9
audio/train/output/d2_1186-00.wav	speech	D2	9
audio/train/output/d2_1187-00.wav	speech	D2	9
audio/train/output/d2_1188-00.wav	speech	D2	9
audio/train/output/d2_1189-00.wav	speech	D2	9
audio/train/output/d2_1190-00.wav	speech	D2	9
audio/train/output/d2_1191-00.wav	speech	D2	9
audio/train/output/d2_1192-00.wav	speech	D2	9
audio/train/output/d2_1193-00.wav	speech	D2	9
audio/train/output/d2_1194-00.wav	speech	D2	9
audio/train/output/d2_1195-00.wav	speech	D2	9
audio/train/output/d2_1196-00.wav	speech	D2	9
audio/train/output/d2_1197-00.wav	speech	D2	9
audio/train/output/d2_1198-00.wav	speech	D2	9
audio/train/output/d2_1199-00.wav	speech	D2	9
audio/train/output/d2_1200-00.wav	speech	D2	9
audio/train/output/d2_1201-00.wav	speech	D2	9
audio/train/output/d2_1202-00.wav	speech	D2	9
audio/train/output/d2_1203-00.wav	speech	D2	9
audio/train/output/d2_1204-00.wav	speech	D2	9
audio/train/output/d2_1205-00.wav	speech	D2	9
audio/train/output/d2_1206-00.wav	speech	D2	9
audio/train/output/d2_1207-00.wav	speech	D2	9
audio/train/output/d2_1208-00.wav	speech	D2	9
audio/train/output/d2_1209-00.wav	speech	D2	9
audio/train/output/d2_1210-00.wav	speech	D2	9
audio/train/output/d2_1211-00.wav	speech	D2	9
audio/train/output/d2_1212-00.wav	speech	D2	9
audio/train/output/d2_1213-00.wav	speech	D2	9
audio/train/output/d2_1214-00.wav	speech	D2	9
audio/train/output/d2_1215-00.wav	speech	D2	9
audio/train/output/d2_1216-00.wav	speech	D2	9
audio/train/output/d2_1217-00.wav	speech	D2	9
audio/train/output/d2_1218-00.wav	speech	D2	9
audio/train/output/d2_1219-00.wav	speech	D2	9
audio/train/output/d2_1220-00.wav	speech	D2	9
audio/train/output/d2_1220-01.wav	speech	D2	9
audio/train/output/d2_1221-00.wav	speech	D2	9
audio/train/output/d2_1221-01.wav	speech	D2	9
audio/train/output/d2_1222-00.wav	speech	D2	9
audio/train/output/d2_1222-01.wav	speech	D2	9
audio/train/output/d2_1223-00.wav	speech	D2	9
audio/train/output/d2_1224-00.wav	speech	D2	9
audio/train/output/d2_1225-00.wav	speech	D2	9
audio/train/output/d2_1226-00.wav	speech	D2	9
audio/train/output/d2_1227-00.wav	speech	D2	9
audio/train/output/d2_1228-00.wav	speech	D2	9
audio/train/output/d2_1229-00.wav	speech	D2	9
audio/train/output/d2_1230-00.wav	speech	D2	9
audio/train/output/d2_1231-00.wav	speech	D2	9
audio/train/output/d2_1232-00.wav	speech	D2	9
audio/train/output/d2_1233-00.wav	speech	D2	9
audio/train/output/d2_1234-00.wav	speech	D2	9
audio/train/output/d2_1235-00.wav	speech	D2	9
audio/train/output/d2_1236-00.wav	speech	D2	9
audio/train/output/d2_1237-00.wav	speech	D2	9
audio/train/output/d2_1238-00.wav	speech	D2	9
audio/train/output/d2_1239-00.wav	speech	D2	9
audio/train/output/d2_1240-00.wav	speech	D2	9
audio/train/output/d2_1241-00.wav	speech	D2	9
audio/train/output/d2_1242-00.wav	speech	D2	9
audio/train/output/d2_1243-00.wav	speech	D2	9
audio/train/output/d2_1244-00.wav	speech	D2	9
audio/train/output/d2_1245-00.wav	speech	D2	9
audio/train/output/d2_1246-00.wav	speech	D2	9
audio/train/output/d2_1247-00.wav	speech	D2	9
audio/train/output/d2_1248-00.wav	speech	D2	9
audio/train/output/d2_1249-00.wav	speech	D2	9
audio/train/output/d2_1250-00.wav	speech	D2	9
audio/train/output/d2_1251-00.wav	speech	D2	9
audio/train/output/d2_1252-00.wav	speech	D2	9
audio/train/output/d2_1253-00.wav	speech	D2	9
audio/train/output/d2_1254-00.wav	speech	D2	9
audio/train/output/d2_1255-00.wav	speech	D2	9
audio/train/output/d2_1256-00.wav	speech	D2	9
audio/train/output/d2_1257-00.wav	speech	D2	9
audio/train/output/d2_1258-00.wav	speech	D2	9
audio/train/output/d2_1259-00.wav	speech	D2	9
audio/train/output/d2_1260-00.wav	speech	D2	9
audio/train/output/d2_1261-00.wav	speech	D2	9
audio/train/output/d2_1262-00.wav	speech	D2	9
audio/train/output/d2_1263-00.wav	speech	D2	9
audio/train/output/d2_1264-00.wav	speech	D2	9
audio/train/output/d2_1265-00.wav	speech	D2	9
audio/train/output/d2_1266-00.wav	speech	D2	9
audio/train/output/d2_1267-00.wav	speech	D2	9
audio/train/output/d2_1268-00.wav	speech	D2	9
audio/train/output/d2_1269-00.wav	speech	D2	9
audio/train/output/d2_1270-00.wav	speech	D2	9
audio/train/output/d2_1271-00.wav	speech	D2	9
audio/train/output/d2_1272-00.wav	speech	D2	9
audio/train/output/d2_1273-00.wav	speech	D2	9
audio/train/output/d2_1274-00.wav	speech	D2	9
audio/train/output/d2_1275-00.wav	speech	D2	9
audio/train/output/d2_1276-00.wav	speech	D2	9
audio/train/output/d2_1277-00.wav	speech	D2	9
audio/train/output/d2_1278-00.wav	speech	D2	9
audio/train/output/d2_1279-00.wav	speech	D2	9
audio/train/output/d2_1280-00.wav	speech	D2	9
audio/train/output/d2_1281-00.wav	speech	D2	9
audio/train/output/d2_1282-00.wav	speech	D2	9
audio/train/output/d2_1283-00.wav	speech	D2	9
audio/train/output/d2_1284-00.wav	speech	D2	9
audio/train/output/d2_1285-00.wav	speech	D2	9
audio/train/output/d2_1286-00.wav	speech	D2	9
audio/train/output/d2_1287-00.wav	speech	D2	9
audio/train/output/d2_1288-00.wav	speech	D2	9
audio/train/output/d2_1289-00.wav	speech	D2	9
audio/train/output/d2_1290-00.wav	speech	D2	9
audio/train/output/d2_1291-00.wav	speech	D2	9
audio/train/output/d2_1292-00.wav	speech	D2	9
audio/train/output/d2_1293-00.wav	speech	D2	9
audio/train/output/d2_1294-00.wav	speech	D2	9
audio/train/output/d2_1295-00.wav	speech	D2	9
audio/train/output/d2_1296-00.wav	speech	D2	9
audio/train/output/d2_1297-00.wav	speech	D2	9
audio/train/output/d2_1298-00.wav	speech	D2	9
audio/train/output/d2_1299-00.wav	speech	D2	9
audio/train/output/d2_1300-00.wav	speech	D2	9
audio/train/output/d2_1301-00.wav	speech	D2	9
audio/train/output/d2_1302-00.wav	speech	D2	9
audio/train/output/d2_1303-00.wav	speech	D2	9
audio/train/output/d2_1304-00.wav	speech	D2	9
audio/train/output/d2_1305-00.wav	speech	D2	9
audio/train/output/d2_1306-00.wav	speech	D2	9
audio/train/output/d2_1307-00.wav	speech	D2	9
audio/train/output/d2_1308-00.wav	speech	D2	9
audio/train/output/d2_1309-00.wav	speech	D2	9
audio/train/output/d2_1310-00.wav	speech	D2	9
audio/train/output/d2_1311-00.wav	speech	D2	9
audio/train/output/d2_1312-00.wav	speech	D2	9
audio/train/output/d2_1313-00.wav	speech	D2	9
audio/train/output/d2_1314-00.wav	speech	D2	9
audio/train/output/d2_1315-00.wav	speech	D2	9
audio/train/output/d2_1316-00.wav	speech	D2	9
audio/train/output/d2_1317-00.wav	speech	D2	9
audio/train/output/d2_1318-00.wav	speech	D2	9
audio/train/output/d2_1319-00.wav	speech	D2	9
audio/train/output/d2_1320-00.wav	speech	D2	9
audio/train/output/d2_1321-00.wav	speech	D2	9
audio/train/output/d2_1322-00.wav	speech	D2	9
audio/train/output/d2_1323-00.wav	speech	D2	9
audio/train/output/d2_1324-00.wav	speech	D2	9
audio/train/output/d2_1325-00.wav	speech	D2	9
audio/train/output/d2_1326-00.wav	speech	D2	9
audio/train/output/d2_1327-00.wav	speech	D2	9
audio/train/output/d2_1328-00.wav	speech	D2	9
audio/train/output/d2_1329-00.wav	speech	D2	9
audio/train/output/d2_1330-00.wav	speech	D2	9
audio/train/output/d2_1331-00.wav	speech	D2	9
audio/train/output/d2_1332-00.wav	speech	D2	9
audio/train/output/d2_1333-00.wav	speech	D2	9
audio/train/output/d2_1334-00.wav	speech	D2	9
audio/train/output/d2_1335-00.wav	speech	D2	9
audio/train/output/d2_1336-00.wav	speech	D2	9
audio/train/output/d2_1337-00.wav	speech	D2	9
audio/train/output/d2_1338-00.wav	speech	D2	9
audio/train/output/d2_1338-01.wav	speech	D2	9
audio/train/output/d2_1339-00.wav	speech	D2	9
audio/train/output/d2_1340-00.wav	speech	D2	9
audio/train/output/d2_1341-00.wav	speech	D2	9
audio/train/output/d2_1342-00.wav	speech	D2	9
audio/train/output/d2_1343-00.wav	speech	D2	9
audio/train/output/d2_1344-00.wav	speech	D2	9
audio/train/output/d2_1345-00.wav	speech	D2	9
audio/train/output/d2_1346-00.wav	speech	D2	9
audio/train/output/d2_1347-00.wav	speech	D2	9
audio/train/output/d2_1348-00.wav	speech	D2	9
audio/train/output/d2_1349-00.wav	speech	D2	9
audio/train/output/d2_1350-00.wav	speech	D2	9
audio/train/output/d2_1351-00.wav	speech	D2	9
audio/train/output/d2_1352-00.wav	speech	D2	9
audio/train/output/d2_1353-00.wav	speech	D2	9
audio/train/output/d2_1354-00.wav	speech	D2	9
audio/train/output/d2_1355-00.wav	speech	D2	9
audio/train/output/d2_1356-00.wav	speech	D2	9
audio/train/output/d2_1357-00.wav	speech	D2	9
audio/train/output/d2_1358-00.wav	speech	D2	9
audio/train/output/d2_1359-00.wav	speech	D2	9
audio/train/output/d2_1360-00.wav	speech	D2	9
audio/train/output/d2_1361-00.wav	speech	D2	9
audio/train/output/d2_1362-00.wav	speech	D2	9
audio/train/output/d2_1363-00.wav	speech	D2	9
audio/train/output/d2_1364-00.wav	speech	D2	9
audio/train/output/d2_1365-00.wav	speech	D2	9
audio/train/output/d2_1366-00.wav	speech	D2	9
audio/train/output/d2_1367-00.wav	speech	D2	9
audio/train/output/d2_1368-00.wav	speech	D2	9
audio/train/output/d2_1369-00.wav	speech	D2	9
audio/train/output/d2_1370-00.wav	speech	D2	9
audio/train/output/d2_1371-00.wav	speech	D2	9
audio/train/output/d2_1372-00.wav	speech	D2	9
audio/train/output/d2_1373-00.wav	speech	D2	9
audio/train/output/d2_1374-00.wav	speech	D2	9
audio/train/output/d2_1375-00.wav	speech	D2	9
audio/train/output/d2_1376-00.wav	speech	D2	9
audio/train/output/d2_1377-00.wav	speech	D2	9
audio/train/output/d2_1378-00.wav	speech	D2	9
audio/train/output/d2_1379-00.wav	speech	D2	9
audio/train/output/d2_1380-00.wav	speech	D2	9
audio/train/output/d2_1381-00.wav	speech	D2	9
audio/train/output/d2_1382-00.wav	speech	D2	9
audio/train/output/d2_1383-00.wav	speech	D2	9
audio/train/output/d2_1384-00.wav	speech	D2	9
audio/train/output/d2_1385-00.wav	speech	D2	9
audio/train/output/d2_1386-00.wav	speech	D2	9
audio/train/output/d2_1387-00.wav	speech	D2	9
audio/train/output/d2_1388-00.wav	speech	D2	9
audio/train/output/d2_1389-00.wav	speech	D2	9
audio/train/output/d2_1390-00.wav	speech	D2	9
audio/train/output/d2_1391-00.wav	speech	D2	9
audio/train/output/d2_1392-00.wav	speech	D2	9
audio/train/output/d2_1393-00.wav	speech	D2	9
audio/train/output/d2_1394-00.wav	speech	D2	9
audio/train/output/d2_1395-00.wav	speech	D2	9
audio/train/output/d2_1396-00.wav	speech	D2	9
audio/train/output/d2_1397-00.wav	speech	D2	9
audio/train/output/d2_1398-00.wav	speech	D2	9
audio/train/output/d2_1399-00.wav	speech	D2	9
audio/train/output/d2_1399-01.wav	speech	D2	9
audio/train/output/d2_1400-00.wav	speech	D2	9
audio/train/output/d2_1401-00.wav	speech	D2	9
audio/train/output/d2_1402-00.wav	speech	D2	9
audio/train/output/d2_1403-00.wav	speech	D2	9
audio/train/output/d2_1404-00.wav	speech	D2	9
audio/train/output/d2_1405-00.wav	speech	D2	9
audio/train/output/d2_1406-00.wav	speech	D2	9
audio/train/output/d2_1407-00.wav	speech	D2	9
audio/train/output/d2_1408-00.wav	speech	D2	9
audio/train/output/d2_1409-00.wav	speech	D2	9
audio/train/output/d2_1410-00.wav	speech	D2	9
audio/train/output/d2_1411-00.wav	speech	D2	9
audio/train/output/d2_1412-00.wav	speech	D2	9
audio/train/output/d2_1413-00.wav	speech	D2	9
audio/train/output/d2_1414-00.wav	speech	D2	9
audio/train/output/d2_1415-00.wav	speech	D2	9
audio/train/output/d2_1416-00.wav	speech	D2	9
audio/train/output/d2_1417-00.wav	speech	D2	9
audio/train/output/d2_1418-00.wav	speech	D2	9
audio/train/output/d2_1419-00.wav	speech	D2	9
audio/train/output/d2_1420-00.wav	speech	D2	9
audio/train/output/d2_1421-00.wav	speech	D2	9
audio/train/output/d2_1422-00.wav	speech	D2	9
audio/train/output/d2_1423-00.wav	speech	D2	9
audio/train/output/d2_1424-00.wav	speech	D2	9
audio/train/output/d2_1425-00.wav	speech	D2	9
audio/train/output/d2_1426-00.wav	speech	D2	9
audio/train/output/d2_1427-00.wav	speech	D2	9
audio/train/output/d2_1428-00.wav	speech	D2	9
audio/train/output/d2_1429-00.wav	speech	D2	9
audio/train/output/d2_1430-00.wav	speech	D2	9
audio/train/output/d2_1431-00.wav	speech	D2	9
audio/train/output/d2_1432-00.wav	speech	D2	9
audio/train/output/d2_1433-00.wav	speech	D2	9
audio/train/output/d2_1434-00.wav	speech	D2	9
audio/train/output/d2_1435-00.wav	speech	D2	9
audio/train/output/d2_1436-00.wav	speech	D2	9
audio/train/output/d2_1437-00.wav	speech	D2	9
audio/train/output/d2_1438-00.wav	speech	D2	9
audio/train/output/d2_1439-00.wav	speech	D2	9
audio/train/output/d2_1440-00.wav	speech	D2	9
audio/train/output/d2_1441-00.wav	speech	D2	9
audio/train/output/d2_1442-00.wav	speech	D2	9
audio/train/output/d2_1443-00.wav	speech	D2	9
audio/train/output/d2_1444-00.wav	speech	D2	9
audio/train/output/d2_1444-01.wav	speech	D2	9
audio/train/output/d2_1445-00.wav	speech	D2	9
audio/train/output/d2_1446-00.wav	speech	D2	9
audio/train/output/d2_1447-00.wav	speech	D2	9
audio/train/output/d2_1448-00.wav	speech	D2	9
audio/train/output/d2_1449-00.wav	speech	D2	9
audio/train/output/d2_1450-00.wav	speech	D2	9
audio/train/output/d2_1451-00.wav	speech	D2	9
audio/train/output/d2_1452-00.wav	speech	D2	9
audio/train/output/d2_1453-00.wav	speech	D2	9
audio/train/output/d2_1453-01.wav	speech	D2	9
audio/train/output/d2_1454-00.wav	speech	D2	9
audio/train/output/d2_1455-00.wav	speech	D2	9
audio/train/output/d2_1456-00.wav	speech	D2	9
audio/train/output/d2_1457-00.wav	speech	D2	9
audio/train/output/d2_1458-00.wav	speech	D2	9
audio/train/output/d2_1459-00.wav	speech	D2	9
audio/train/output/d2_1460-00.wav	speech	D2	9
audio/train/output/d2_1461-00.wav	speech	D2	9
audio/train/output/d2_1462-00.wav	speech	D2	9
audio/train/output/d2_1463-00.wav	speech	D2	9
audio/train/output/d2_1463-01.wav	speech	D2	9
audio/train/output/d2_1464-00.wav	speech	D2	9
audio/train/output/d2_1465-00.wav	speech	D2	9
audio/train/output/d2_1466-00.wav	speech	D2	9
audio/train/output/d2_1466-01.wav	speech	D2	9
audio/train/output/d2_1467-00.wav	speech	D2	9
audio/train/output/d2_1468-00.wav	speech	D2	9
audio/train/output/d2_1469-00.wav	speech	D2	9
audio/train/output/d2_1470-00.wav	speech	D2	9
audio/train/output/d2_1471-00.wav	speech	D2	9
audio/train/output/d2_1472-00.wav	speech	D2	9
audio/train/output/d2_1473-00.wav	speech	D2	9
audio/train/output/d2_1473-01.wav	speech	D2	9
audio/train/output/d2_1474-00.wav	speech	D2	9
audio/train/output/d2_1474-01.wav	speech	D2	9
audio/train/output/d2_1475-00.wav	speech	D2	9
audio/train/output/d2_1476-00.wav	speech	D2	9
audio/train/output/d2_1477-00.wav	speech	D2	9
audio/train/output/d2_1478-00.wav	speech	D2	9
audio/train/output/d2_1478-01.wav	speech	D2	9
audio/train/output/d2_1479-00.wav	speech	D2	9
audio/train/output/d2_1479-01.wav	speech	D2	9
audio/train/output/d2_1480-00.wav	speech	D2	9
audio/train/output/d2_1480-01.wav	speech	D2	9
audio/train/output/d2_1481-00.wav	speech	D2	9
audio/train/output/d2_1482-00.wav	speech	D2	9
audio/train/output/d2_1483-00.wav	speech	D2	9
audio/train/output/d2_1484-00.wav	speech	D2	9
audio/train/output/d2_1485-00.wav	speech	D2	9
audio/train/output/d2_1485-01.wav	speech	D2	9
audio/train/output/d2_1486-00.wav	speech	D2	9
audio/train/output/d2_1487-00.wav	speech	D2	9
audio/train/output/d2_1488-00.wav	speech	D2	9
audio/train/output/d2_1488-01.wav	speech	D2	9
audio/train/output/d2_1489-00.wav	speech	D2	9
audio/train/output/d2_1490-00.wav	speech	D2	9
audio/train/output/d2_1490-01.wav	speech	D2	9
audio/train/output/d2_1491-00.wav	speech	D2	9
audio/train/output/d2_1492-00.wav	speech	D2	9
audio/train/output/d2_1492-01.wav	speech	D2	9
audio/train/output/d2_1493-00.wav	speech	D2	9
audio/train/output/d2_1494-00.wav	speech	D2	9
audio/train/output/d2_1494-01.wav	speech	D2	9
audio/train/output/d2_1495-00.wav	speech	D2	9
audio/train/output/d2_1495-01.wav	speech	D2	9
audio/train/output/d2_1496-00.wav	speech	D2	9
audio/train/output/d2_1497-00.wav	speech	D2	9
audio/train/output/d2_1498-00.wav	speech	D2	9
audio/train/output/d2_1498-01.wav	speech	D2	9
audio/train/output/d2_1499-00.wav	speech	D2	9
audio/train/output/d2_1500-00.wav	speech	D2	9
audio/train/output/d2_1501-00.wav	speech	D2	9
audio/train/output/d2_1502-00.wav	speech	D2	9
audio/train/output/d2_1503-00.wav	speech	D2	9
audio/train/output/d2_1504-00.wav	speech	D2	9
audio/train/output/d2_1505-00.wav	speech	D2	9
audio/train/output/d2_1506-00.wav	speech	D2	9
audio/train/output/d2_1507-00.wav	speech	D2	9
audio/train/output/d2_1508-00.wav	speech	D2	9
audio/train/output/d2_1509-00.wav	speech	D2	9
audio/train/output/d2_1510-00.wav	speech	D2	9
audio/train/output/d2_1511-00.wav	speech	D2	9
audio/train/output/d2_1512-00.wav	speech	D2	9
audio/train/output/d2_1513-00.wav	speech	D2	9
audio/train/output/d2_1513-01.wav	speech	D2	9
audio/train/output/d2_1514-00.wav	speech	D2	9
audio/train/output/d2_1515-00.wav	speech	D2	9
audio/train/output/d2_1515-01.wav	speech	D2	9
audio/train/output/d2_1516-00.wav	speech	D2	9
audio/train/output/d2_1517-00.wav	speech	D2	9
audio/train/output/d2_1517-01.wav	speech	D2	9
audio/train/output/d2_1518-00.wav	speech	D2	9
audio/train/output/d2_1519-00.wav	speech	D2	9
audio/train/output/d2_1520-00.wav	speech	D2	9
audio/train/output/d2_1520-01.wav	speech	D2	9
audio/train/output/d2_1521-00.wav	speech	D2	9
audio/train/output/d2_1521-01.wav	speech	D2	9
audio/train/output/d2_1522-00.wav	speech	D2	9
audio/train/output/d2_1522-01.wav	speech	D2	9
audio/train/output/d2_1523-00.wav	speech	D2	9
audio/train/output/d2_1523-01.wav	speech	D2	9
audio/train/output/d2_1524-00.wav	speech	D2	9
audio/train/output/d2_1525-00.wav	speech	D2	9
audio/train/output/d2_1526-00.wav	speech	D2	9
audio/train/output/d2_1527-00.wav	speech	D2	9
audio/train/output/d2_1527-01.wav	speech	D2	9
audio/train/output/d2_1528-00.wav	speech	D2	9
audio/train/output/d2_1529-00.wav	speech	D2	9
audio/train/output/d3_0000-00.wav	fire	D3	4
audio/train/output/d3_0000-01.wav	fire	D3	4
audio/train/output/d3_0001-00.wav	fire	D3	4
audio/train/output/d3_0002-00.wav	fire	D3	4
audio/train/output/d3_0003-00.wav	fire	D3	4
audio/train/output/d3_0003-01.wav	fire	D3	4
audio/train/output/d3_0004-00.wav	fire	D3	4
audio/train/output/d3_0005-00.wav	fire	D3	4
audio/train/output/d3_0006-00.wav	fire	D3	4
audio/train/output/d3_0007-00.wav	fire	D3	4
audio/train/output/d3_0008-00.wav	fire	D3	4
audio/train/output/d3_0009-00.wav	fire	D3	4
audio/train/output/d3_0009-01.wav	fire	D3	4
audio/train/output/d3_0010-00.wav	fire	D3	4
audio/train/output/d3_0011-00.wav	fire	D3	4
audio/train/output/d3_0011-01.wav	fire	D3	4
audio/train/output/d3_0012-00.wav	fire	D3	4
audio/train/output/d3_0012-01.wav	fire	D3	4
audio/train/output/d3_0013-00.wav	fire	D3	4
audio/train/output/d3_0014-00.wav	fire	D3	4
audio/train/output/d3_0014-01.wav	fire	D3	4
audio/train/output/d3_0015-00.wav	fire	D3	4
audio/train/output/d3_0015-01.wav	fire	D3	4
audio/train/output/d3_0016-00.wav	fire	D3	4
audio/train/output/d3_0017-00.wav	fire	D3	4
audio/train/output/d3_0017-01.wav	fire	D3	4
audio/train/output/d3_0018-00.wav	fire	D3	4
audio/train/output/d3_0019-00.wav	fire	D3	4
audio/train/output/d3_0019-01.wav	fire	D3	4
audio/train/output/d3_0020-00.wav	fire	D3	4
audio/train/output/d3_0020-01.wav	fire	D3	4
audio/train/output/d3_0021-00.wav	fire	D3	4
audio/train/output/d3_0021-01.wav	fire	D3	4
audio/train/output/d3_0022-00.wav	fire	D3	4
audio/train/output/d3_0023-00.wav	fire	D3	4
audio/train/output/d3_0023-01.wav	fire	D3	4
audio/train/output/d3_0024-00.wav	fire	D3	4
audio/train/output/d3_0024-01.wav	fire	D3	4
audio/train/output/d3_0025-00.wav	fire	D3	4
audio/train/output/d3_0026-00.wav	fire	D3	4
audio/train/output/d3_0026-01.wav	fire	D3	4
audio/train/output/d3_0027-00.wav	fire	D3	4
audio/train/output/d3_0028-00.wav	fire	D3	4
audio/train/output/d3_0028-01.wav	fire	D3	4
audio/train/output/d3_0029-00.wav	fire	D3	4
audio/train/output/d3_0029-01.wav	fire	D3	4
audio/train/output/d3_0030-00.wav	fire	D3	4
audio/train/output/d3_0030-01.wav	fire	D3	4
audio/train/output/d3_0031-00.wav	fire	D3	4
audio/train/output/d3_0031-01.wav	fire	D3	4
audio/train/output/d3_0032-00.wav	fire	D3	4
audio/train/output/d3_0033-00.wav	fire	D3	4
audio/train/output/d3_0034-00.wav	fire	D3	4
audio/train/output/d3_0034-01.wav	fire	D3	4
audio/train/output/d3_0035-00.wav	fire	D3	4
audio/train/output/d3_0036-00.wav	fire	D3	4
audio/train/output/d3_0037-00.wav	fire	D3	4
audio/train/output/d3_0038-00.wav	fire	D3	4
audio/train/output/d3_0038-01.wav	fire	D3	4
audio/train/output/d3_0039-00.wav	fire	D3	4
audio/train/output/d3_0039-01.wav	fire	D3	4
audio/train/output/d3_0040-00.wav	fire	D3	4
audio/train/output/d3_0040-01.wav	fire	D3	4
audio/train/output/d3_0041-00.wav	fire	D3	4
audio/train/output/d3_0042-00.wav	fire	D3	4
audio/train/output/d3_0043-00.wav	fire	D3	4
audio/train/output/d3_0044-00.wav	fire	D3	4
audio/train/output/d3_0044-01.wav	fire	D3	4
audio/train/output/d3_0045-00.wav	fire	D3	4
audio/train/output/d3_0046-00.wav	fire	D3	4
audio/train/output/d3_0046-01.wav	fire	D3	4
audio/train/output/d3_0047-00.wav	fire	D3	4
audio/train/output/d3_0047-01.wav	fire	D3	4
audio/train/output/d3_0048-00.wav	fire	D3	4
audio/train/output/d3_0049-00.wav	fire	D3	4
audio/train/output/d3_0050-00.wav	fire	D3	4
audio/train/output/d3_0050-01.wav	fire	D3	4
audio/train/output/d3_0051-00.wav	fire	D3	4
audio/train/output/d3_0051-01.wav	fire	D3	4
audio/train/output/d3_0052-00.wav	fire	D3	4
audio/train/output/d3_0052-01.wav	fire	D3	4
audio/train/output/d3_0053-00.wav	fire	D3	4
audio/train/output/d3_0053-01.wav	fire	D3	4
audio/train/output/d3_0054-00.wav	fire	D3	4
audio/train/output/d3_0055-00.wav	fire	D3	4
audio/train/output/d3_0056-00.wav	fire	D3	4
audio/train/output/d3_0056-01.wav	fire	D3	4
audio/train/output/d3_0057-00.wav	fire	D3	4
audio/train/output/d3_0057-01.wav	fire	D3	4
audio/train/output/d3_0058-00.wav	fire	D3	4
audio/train/output/d3_0058-01.wav	fire	D3	4
audio/train/output/d3_0059-00.wav	fire	D3	4
audio/train/output/d3_0060-00.wav	fire	D3	4
audio/train/output/d3_0061-00.wav	fire	D3	4
audio/train/output/d3_0062-00.wav	fire	D3	4
audio/train/output/d3_0062-01.wav	fire	D3	4
audio/train/output/d3_0063-00.wav	fire	D3	4
audio/train/output/d3_0063-01.wav	fire	D3	4
audio/train/output/d3_0064-00.wav	fire	D3	4
audio/train/output/d3_0064-01.wav	fire	D3	4
audio/train/output/d3_0065-00.wav	fire	D3	4
audio/train/output/d3_0065-01.wav	fire	D3	4
audio/train/output/d3_0066-00.wav	fire	D3	4
audio/train/output/d3_0066-01.wav	fire	D3	4
audio/train/output/d3_0067-00.wav	fire	D3	4
audio/train/output/d3_0067-01.wav	fire	D3	4
audio/train/output/d3_0068-00.wav	fire	D3	4
audio/train/output/d3_0068-01.wav	fire	D3	4
audio/train/output/d3_0069-00.wav	fire	D3	4
audio/train/output/d3_0070-00.wav	fire	D3	4
audio/train/output/d3_0071-00.wav	fire	D3	4
audio/train/output/d3_0072-00.wav	fire	D3	4
audio/train/output/d3_0072-01.wav	fire	D3	4
audio/train/output/d3_0073-00.wav	fire	D3	4
audio/train/output/d3_0073-01.wav	fire	D3	4
audio/train/output/d3_0074-00.wav	fire	D3	4
audio/train/output/d3_0075-00.wav	fire	D3	4
audio/train/output/d3_0076-00.wav	fire	D3	4
audio/train/output/d3_0076-01.wav	fire	D3	4
audio/train/output/d3_0077-00.wav	fire	D3	4
audio/train/output/d3_0078-00.wav	fire	D3	4
audio/train/output/d3_0078-01.wav	fire	D3	4
audio/train/output/d3_0079-00.wav	fire	D3	4
audio/train/output/d3_0079-01.wav	fire	D3	4
audio/train/output/d3_0080-00.wav	fire	D3	4
audio/train/output/d3_0080-01.wav	fire	D3	4
audio/train/output/d3_0081-00.wav	fire	D3	4
audio/train/output/d3_0081-01.wav	fire	D3	4
audio/train/output/d3_0082-00.wav	fire	D3	4
audio/train/output/d3_0082-01.wav	fire	D3	4
audio/train/output/d3_0083-00.wav	fire	D3	4
audio/train/output/d3_0084-00.wav	fire	D3	4
audio/train/output/d3_0085-00.wav	engine	D3	3
audio/train/output/d3_0085-01.wav	engine	D3	3
audio/train/output/d3_0086-00.wav	engine	D3	3
audio/train/output/d3_0086-01.wav	engine	D3	3
audio/train/output/d3_0087-00.wav	engine	D3	3
audio/train/output/d3_0088-00.wav	engine	D3	3
audio/train/output/d3_0088-01.wav	engine	D3	3
audio/train/output/d3_0089-00.wav	engine	D3	3
audio/train/output/d3_0089-01.wav	engine	D3	3
audio/train/output/d3_0090-00.wav	engine	D3	3
audio/train/output/d3_0090-01.wav	engine	D3	3
audio/train/output/d3_0091-00.wav	engine	D3	3
audio/train/output/d3_0091-01.wav	engine	D3	3
audio/train/output/d3_0092-00.wav	engine	D3	3
audio/train/output/d3_0092-01.wav	engine	D3	3
audio/train/output/d3_0093-00.wav	engine	D3	3
audio/train/output/d3_0094-00.wav	engine	D3	3
audio/train/output/d3_0094-01.wav	engine	D3	3
audio/train/output/d3_0095-00.wav	engine	D3	3
audio/train/output/d3_0096-00.wav	engine	D3	3
audio/train/output/d3_0097-00.wav	engine	D3	3
audio/train/output/d3_0097-01.wav	engine	D3	3
audio/train/output/d3_0098-00.wav	engine	D3	3
audio/train/output/d3_0098-01.wav	engine	D3	3
audio/train/output/d3_0099-00.wav	engine	D3	3
audio/train/output/d3_0100-00.wav	engine	D3	3
audio/train/output/d3_0101-00.wav	engine	D3	3
audio/train/output/d3_0101-01.wav	engine	D3	3
audio/train/output/d3_0102-00.wav	engine	D3	3
audio/train/output/d3_0102-01.wav	engine	D3	3
audio/train/output/d3_0103-00.wav	engine	D3	3
audio/train/output/d3_0104-00.wav	engine	D3	3
audio/train/output/d3_0104-01.wav	engine	D3	3
audio/train/output/d3_0105-00.wav	engine	D3	3
audio/train/output/d3_0105-01.wav	engine	D3	3
audio/train/output/d3_0106-00.wav	engine	D3	3
audio/train/output/d3_0106-01.wav	engine	D3	3
audio/train/output/d3_0107-00.wav	engine	D3	3
audio/train/output/d3_0108-00.wav	engine	D3	3
audio/train/output/d3_0108-01.wav	engine	D3	3
audio/train/output/d3_0109-00.wav	engine	D3	3
audio/train/output/d3_0109-01.wav	engine	D3	3
audio/train/output/d3_0110-00.wav	engine	D3	3
audio/train/output/d3_0110-01.wav	engine	D3	3
audio/train/output/d3_0111-00.wav	engine	D3	3
audio/train/output/d3_0112-00.wav	engine	D3	3
audio/train/output/d3_0112-01.wav	engine	D3	3
audio/train/output/d3_0113-00.wav	engine	D3	3
audio/train/output/d3_0113-01.wav	engine	D3	3
audio/train/output/d3_0114-00.wav	engine	D3	3
audio/train/output/d3_0114-01.wav	engine	D3	3
audio/train/output/d3_0115-00.wav	engine	D3	3
audio/train/output/d3_0115-01.wav	engine	D3	3
audio/train/output/d3_0116-00.wav	engine	D3	3
audio/train/output/d3_0117-00.wav	engine	D3	3
audio/train/output/d3_0117-01.wav	engine	D3	3
audio/train/output/d3_0118-00.wav	engine	D3	3
audio/train/output/d3_0119-00.wav	engine	D3	3
audio/train/output/d3_0120-00.wav	engine	D3	3
audio/train/output/d3_0121-00.wav	engine	D3	3
audio/train/output/d3_0122-00.wav	engine	D3	3
audio/train/output/d3_0122-01.wav	engine	D3	3
audio/train/output/d3_0123-00.wav	engine	D3	3
audio/train/output/d3_0123-01.wav	engine	D3	3
audio/train/output/d3_0124-00.wav	engine	D3	3
audio/train/output/d3_0125-00.wav	engine	D3	3
audio/train/output/d3_0126-00.wav	engine	D3	3
audio/train/output/d3_0126-01.wav	engine	D3	3
audio/train/output/d3_0127-00.wav	engine	D3	3
audio/train/output/d3_0127-01.wav	engine	D3	3
audio/train/output/d3_0128-00.wav	engine	D3	3
audio/train/output/d3_0129-00.wav	engine	D3	3
audio/train/output/d3_0129-01.wav	engine	D3	3
audio/train/output/d3_0130-00.wav	engine	D3	3
audio/train/output/d3_0130-01.wav	engine	D3	3
audio/train/output/d3_0131-00.wav	engine	D3	3
audio/train/output/d3_0132-00.wav	engine	D3	3
audio/train/output/d3_0133-00.wav	engine	D3	3
audio/train/output/d3_0133-01.wav	engine	D3	3
audio/train/output/d3_0134-00.wav	engine	D3	3
audio/train/output/d3_0134-01.wav	engine	D3	3
audio/train/output/d3_0135-00.wav	engine	D3	3
audio/train/output/d3_0135-01.wav	engine	D3	3
audio/train/output/d3_0136-00.wav	engine	D3	3
audio/train/output/d3_0137-00.wav	engine	D3	3
audio/train/output/d3_0138-00.wav	engine	D3	3
audio/train/output/d3_0139-00.wav	engine	D3	3
audio/train/output/d3_0139-01.wav	engine	D3	3
audio/train/output/d3_0140-00.wav	engine	D3	3
audio/train/output/d3_0140-01.wav	engine	D3	3
audio/train/output/d3_0141-00.wav	engine	D3	3
audio/train/output/d3_0141-01.wav	engine	D3	3
audio/train/output/d3_0142-00.wav	engine	D3	3
audio/train/output/d3_0142-01.wav	engine	D3	3
audio/train/output/d3_0143-00.wav	engine	D3	3
audio/train/output/d3_0144-00.wav	engine	D3	3
audio/train/output/d3_0144-01.wav	engine	D3	3
audio/train/output/d3_0145-00.wav	engine	D3	3
audio/train/output/d3_0146-00.wav	engine	D3	3
audio/train/output/d3_0146-01.wav	engine	D3	3
audio/train/output/d3_0147-00.wav	engine	D3	3
audio/train/output/d3_0148-00.wav	engine	D3	3
audio/train/output/d3_0148-01.wav	engine	D3	3
audio/train/output/d3_0149-00.wav	engine	D3	3
audio/train/output/d3_0149-01.wav	engine	D3	3
audio/train/output/d3_0150-00.wav	engine	D3	3
audio/train/output/d3_0150-01.wav	engine	D3	3
audio/train/output/d3_0151-00.wav	engine	D3	3
audio/train/output/d3_0152-00.wav	engine	D3	3
audio/train/output/d3_0152-01.wav	engine	D3	3
audio/train/output/d3_0153-00.wav	engine	D3	3
audio/train/output/d3_0153-01.wav	engine	D3	3
audio/train/output/d3_0154-00.wav	engine	D3	3
audio/train/output/d3_0154-01.wav	engine	D3	3
audio/train/output/d3_0155-00.wav	engine	D3	3
audio/train/output/d3_0156-00.wav	engine	D3	3
audio/train/output/d3_0157-00.wav	engine	D3	3
audio/train/output/d3_0158-00.wav	engine	D3	3
audio/train/output/d3_0158-01.wav	engine	D3	3
audio/train/output/d3_0159-00.wav	engine	D3	3
audio/train/output/d3_0159-01.wav	engine	D3	3
audio/train/output/d3_0160-00.wav	engine	D3	3
audio/train/output/d3_0160-01.wav	engine	D3	3
audio/train/output/d3_0161-00.wav	engine	D3	3
audio/train/output/d3_0161-01.wav	engine	D3	3
audio/train/output/d3_0162-00.wav	engine	D3	3
audio/train/output/d3_0162-01.wav	engine	D3	3
audio/train/output/d3_0163-00.wav	engine	D3	3
audio/train/output/d3_0163-01.wav	engine	D3	3
audio/train/output/d3_0164-00.wav	engine	D3	3
audio/train/output/d3_0164-01.wav	engine	D3	3
audio/train/output/d3_0165-00.wav	engine	D3	3
audio/train/output/d3_0166-00.wav	engine	D3	3
audio/train/output/d3_0167-00.wav	engine	D3	3
audio/train/output/d3_0168-00.wav	engine	D3	3
audio/train/output/d3_0168-01.wav	engine	D3	3
audio/train/output/d3_0169-00.wav	engine	D3	3
audio/train/output/d3_0170-00.wav	engine	D3	3
audio/train/output/d3_0170-01.wav	engine	D3	3
audio/train/output/d3_0171-00.wav	engine	D3	3
audio/train/output/d3_0171-01.wav	engine	D3	3
audio/train/output/d3_0172-00.wav	engine	D3	3
audio/train/output/d3_0172-01.wav	engine	D3	3
audio/train/output/d3_0173-00.wav	engine	D3	3
audio/train/output/d3_0174-00.wav	engine	D3	3
audio/train/output/d3_0174-01.wav	engine	D3	3
audio/train/output/d3_0175-00.wav	engine	D3	3
audio/train/output/d3_0175-01.wav	engine	D3	3
audio/train/output/d3_0176-00.wav	engine	D3	3
audio/train/output/d3_0177-00.wav	engine	D3	3
audio/train/output/d3_0177-01.wav	engine	D3	3
audio/train/output/d3_0178-00.wav	engine	D3	3
audio/train/output/d3_0178-01.wav	engine	D3	3
audio/train/output/d3_0179-00.wav	engine	D3	3
audio/train/output/d3_0179-01.wav	engine	D3	3
audio/train/output/d3_0180-00.wav	engine	D3	3
audio/train/output/d3_0180-01.wav	engine	D3	3
audio/train/output/d3_0181-00.wav	engine	D3	3
audio/train/output/d3_0181-01.wav	engine	D3	3
audio/train/output/d3_0182-00.wav	engine	D3	3
audio/train/output/d3_0182-01.wav	engine	D3	3
audio/train/output/d3_0183-00.wav	engine	D3	3
audio/train/output/d3_0184-00.wav	engine	D3	3
audio/train/output/d3_0185-00.wav	engine	D3	3
audio/train/output/d3_0185-01.wav	engine	D3	3
audio/train/output/d3_0186-00.wav	engine	D3	3
audio/train/output/d3_0187-00.wav	engine	D3	3
audio/train/output/d3_0187-01.wav	engine	D3	3
audio/train/output/d3_0188-00.wav	engine	D3	3
audio/train/output/d3_0188-01.wav	engine	D3	3
audio/train/output/d3_0189-00.wav	engine	D3	3
audio/train/output/d3_0189-01.wav	engine	D3	3
audio/train/output/d3_0190-00.wav	engine	D3	3
audio/train/output/d3_0190-01.wav	engine	D3	3
audio/train/output/d3_0191-00.wav	engine	D3	3
audio/train/output/d3_0192-00.wav	engine	D3	3
audio/train/output/d3_0193-00.wav	engine	D3	3
audio/train/output/d3_0193-01.wav	engine	D3	3
audio/train/output/d3_0194-00.wav	engine	D3	3
audio/train/output/d3_0194-01.wav	engine	D3	3
audio/train/output/d3_0195-00.wav	engine	D3	3
audio/train/output/d3_0195-01.wav	engine	D3	3
audio/train/output/d3_0196-00.wav	engine	D3	3
audio/train/output/d3_0196-01.wav	engine	D3	3
audio/train/output/d3_0197-00.wav	engine	D3	3
audio/train/output/d3_0197-01.wav	engine	D3	3
audio/train/output/d3_0198-00.wav	engine	D3	3
audio/train/output/d3_0199-00.wav	engine	D3	3
audio/train/output/d3_0199-01.wav	engine	D3	3
audio/train/output/d3_0200-00.wav	engine	D3	3
audio/train/output/d3_0200-01.wav	engine	D3	3
audio/train/output/d3_0201-00.wav	engine	D3	3
audio/train/output/d3_0201-01.wav	engine	D3	3
audio/train/output/d3_0202-00.wav	engine	D3	3
audio/train/output/d3_0203-00.wav	engine	D3	3
audio/train/output/d3_0204-00.wav	engine	D3	3
audio/train/output/d3_0204-01.wav	engine	D3	3
audio/train/output/d3_0205-00.wav	engine	D3	3
audio/train/output/d3_0205-01.wav	engine	D3	3
audio/train/output/d3_0206-00.wav	engine	D3	3
audio/train/output/d3_0207-00.wav	engine	D3	3
audio/train/output/d3_0208-00.wav	engine	D3	3
audio/train/output/d3_0209-00.wav	engine	D3	3
audio/train/output/d3_0209-01.wav	engine	D3	3
audio/train/output/d3_0210-00.wav	engine	D3	3
audio/train/output/d3_0211-00.wav	engine	D3	3
audio/train/output/d3_0212-00.wav	engine	D3	3
audio/train/output/d3_0212-01.wav	engine	D3	3
audio/train/output/d3_0213-00.wav	engine	D3	3
audio/train/output/d3_0213-01.wav	engine	D3	3
audio/train/output/d3_0214-00.wav	engine	D3	3
audio/train/output/d3_0214-01.wav	engine	D3	3
audio/train/output/d3_0215-00.wav	engine	D3	3
audio/train/output/d3_0215-01.wav	engine	D3	3
audio/train/output/d3_0216-00.wav	engine	D3	3
audio/train/output/d3_0216-01.wav	engine	D3	3
audio/train/output/d3_0217-00.wav	engine	D3	3
audio/train/output/d3_0218-00.wav	engine	D3	3
audio/train/output/d3_0218-01.wav	engine	D3	3
audio/train/output/d3_0219-00.wav	engine	D3	3
audio/train/output/d3_0220-00.wav	engine	D3	3
audio/train/output/d3_0220-01.wav	engine	D3	3
audio/train/output/d3_0221-00.wav	engine	D3	3
audio/train/output/d3_0221-01.wav	engine	D3	3
audio/train/output/d3_0222-00.wav	engine	D3	3
audio/train/output/d3_0222-01.wav	engine	D3	3
audio/train/output/d3_0223-00.wav	engine	D3	3
audio/train/output/d3_0223-01.wav	engine	D3	3
audio/train/output/d3_0224-00.wav	engine	D3	3
audio/train/output/d3_0224-01.wav	engine	D3	3
audio/train/output/d3_0225-00.wav	engine	D3	3
audio/train/output/d3_0225-01.wav	engine	D3	3
audio/train/output/d3_0226-00.wav	engine	D3	3
audio/train/output/d3_0226-01.wav	engine	D3	3
audio/train/output/d3_0227-00.wav	engine	D3	3
audio/train/output/d3_0228-00.wav	engine	D3	3
audio/train/output/d3_0228-01.wav	engine	D3	3
audio/train/output/d3_0229-00.wav	engine	D3	3
audio/train/output/d3_0230-00.wav	engine	D3	3
audio/train/output/d3_0231-00.wav	engine	D3	3
audio/train/output/d3_0231-01.wav	engine	D3	3
audio/train/output/d3_0232-00.wav	engine	D3	3
audio/train/output/d3_0232-01.wav	engine	D3	3
audio/train/output/d3_0233-00.wav	engine	D3	3
audio/train/output/d3_0234-00.wav	engine	D3	3
audio/train/output/d3_0235-00.wav	engine	D3	3
audio/train/output/d3_0236-00.wav	engine	D3	3
audio/train/output/d3_0236-01.wav	engine	D3	3
audio/train/output/d3_0237-00.wav	engine	D3	3
audio/train/output/d3_0237-01.wav	engine	D3	3
audio/train/output/d3_0238-00.wav	engine	D3	3
audio/train/output/d3_0238-01.wav	engine	D3	3
audio/train/output/d3_0239-00.wav	engine	D3	3
audio/train/output/d3_0239-01.wav	engine	D3	3
audio/train/output/d3_0240-00.wav	engine	D3	3
audio/train/output/d3_0240-01.wav	engine	D3	3
audio/train/output/d3_0241-00.wav	engine	D3	3
audio/train/output/d3_0241-01.wav	engine	D3	3
audio/train/output/d3_0242-00.wav	engine	D3	3
audio/train/output/d3_0242-01.wav	engine	D3	3
audio/train/output/d3_0243-00.wav	engine	D3	3
audio/train/output/d3_0244-00.wav	engine	D3	3
audio/train/output/d3_0244-01.wav	engine	D3	3
audio/train/output/d3_0245-00.wav	engine	D3	3
audio/train/output/d3_0246-00.wav	engine	D3	3
audio/train/output/d3_0246-01.wav	engine	D3	3
audio/train/output/d3_0247-00.wav	engine	D3	3
audio/train/output/d3_0247-01.wav	engine	D3	3
audio/train/output/d3_0248-00.wav	engine	D3	3
audio/train/output/d3_0248-01.wav	engine	D3	3
audio/train/output/d3_0249-00.wav	engine	D3	3
audio/train/output/d3_0250-00.wav	engine	D3	3
audio/train/output/d3_0251-00.wav	engine	D3	3
audio/train/output/d3_0252-00.wav	engine	D3	3
audio/train/output/d3_0252-01.wav	engine	D3	3
audio/train/output/d3_0253-00.wav	engine	D3	3
audio/train/output/d3_0253-01.wav	engine	D3	3
audio/train/output/d3_0254-00.wav	engine	D3	3
audio/train/output/d3_0254-01.wav	engine	D3	3
audio/train/output/d3_0255-00.wav	engine	D3	3
audio/train/output/d3_0256-00.wav	engine	D3	3
audio/train/output/d3_0256-01.wav	engine	D3	3
audio/train/output/d3_0257-00.wav	engine	D3	3
audio/train/output/d3_0257-01.wav	engine	D3	3
audio/train/output/d3_0258-00.wav	engine	D3	3
audio/train/output/d3_0258-01.wav	engine	D3	3
audio/train/output/d3_0259-00.wav	engine	D3	3
audio/train/output/d3_0259-01.wav	engine	D3	3
audio/train/output/d3_0260-00.wav	engine	D3	3
audio/train/output/d3_0260-01.wav	engine	D3	3
audio/train/output/d3_0261-00.wav	engine	D3	3
audio/train/output/d3_0261-01.wav	engine	D3	3
audio/train/output/d3_0262-00.wav	engine	D3	3
audio/train/output/d3_0262-01.wav	engine	D3	3
audio/train/output/d3_0263-00.wav	engine	D3	3
audio/train/output/d3_0264-00.wav	engine	D3	3
audio/train/output/d3_0264-01.wav	engine	D3	3
audio/train/output/d3_0265-00.wav	engine	D3	3
audio/train/output/d3_0266-00.wav	engine	D3	3
audio/train/output/d3_0267-00.wav	engine	D3	3
audio/train/output/d3_0268-00.wav	engine	D3	3
audio/train/output/d3_0269-00.wav	engine	D3	3
audio/train/output/d3_0270-00.wav	engine	D3	3
audio/train/output/d3_0270-01.wav	engine	D3	3
audio/train/output/d3_0271-00.wav	engine	D3	3
audio/train/output/d3_0272-00.wav	engine	D3	3
audio/train/output/d3_0272-01.wav	engine	D3	3
audio/train/output/d3_0273-00.wav	engine	D3	3
audio/train/output/d3_0273-01.wav	engine	D3	3
audio/train/output/d3_0274-00.wav	engine	D3	3
audio/train/output/d3_0274-01.wav	engine	D3	3
audio/train/output/d3_0275-00.wav	engine	D3	3
audio/train/output/d3_0275-01.wav	engine	D3	3
audio/train/output/d3_0276-00.wav	engine	D3	3
audio/train/output/d3_0276-01.wav	engine	D3	3
audio/train/output/d3_0277-00.wav	engine	D3	3
audio/train/output/d3_0277-01.wav	engine	D3	3
audio/train/output/d3_0278-00.wav	engine	D3	3
audio/train/output/d3_0279-00.wav	engine	D3	3
audio/train/output/d3_0279-01.wav	engine	D3	3
audio/train/output/d3_0280-00.wav	engine	D3	3
audio/train/output/d3_0281-00.wav	engine	D3	3
audio/train/output/d3_0282-00.wav	engine	D3	3
audio/train/output/d3_0282-01.wav	engine	D3	3
audio/train/output/d3_0283-00.wav	engine	D3	3
audio/train/output/d3_0284-00.wav	piano	D3	8
audio/train/output/d3_0284-01.wav	piano	D3	8
audio/train/output/d3_0285-00.wav	piano	D3	8
audio/train/output/d3_0285-01.wav	piano	D3	8
audio/train/output/d3_0286-00.wav	piano	D3	8
audio/train/output/d3_0286-01.wav	piano	D3	8
audio/train/output/d3_0287-00.wav	piano	D3	8
audio/train/output/d3_0288-00.wav	piano	D3	8
audio/train/output/d3_0288-01.wav	piano	D3	8
audio/train/output/d3_0289-00.wav	piano	D3	8
audio/train/output/d3_0290-00.wav	piano	D3	8
audio/train/output/d3_0290-01.wav	piano	D3	8
audio/train/output/d3_0291-00.wav	piano	D3	8
audio/train/output/d3_0292-00.wav	piano	D3	8
audio/train/output/d3_0293-00.wav	piano	D3	8
audio/train/output/d3_0294-00.wav	piano	D3	8
audio/train/output/d3_0295-00.wav	piano	D3	8
audio/train/output/d3_0295-01.wav	piano	D3	8
audio/train/output/d3_0296-00.wav	piano	D3	8
audio/train/output/d3_0296-01.wav	piano	D3	8
audio/train/output/d3_0297-00.wav	piano	D3	8
audio/train/output/d3_0297-01.wav	piano	D3	8
audio/train/output/d3_0298-00.wav	piano	D3	8
audio/train/output/d3_0299-00.wav	piano	D3	8
audio/train/output/d3_0299-01.wav	piano	D3	8
audio/train/output/d3_0300-00.wav	piano	D3	8
audio/train/output/d3_0300-01.wav	piano	D3	8
audio/train/output/d3_0301-00.wav	piano	D3	8
audio/train/output/d3_0301-01.wav	piano	D3	8
audio/train/output/d3_0302-00.wav	piano	D3	8
audio/train/output/d3_0302-01.wav	piano	D3	8
audio/train/output/d3_0303-00.wav	piano	D3	8
audio/train/output/d3_0303-01.wav	piano	D3	8
audio/train/output/d3_0304-00.wav	piano	D3	8
audio/train/output/d3_0304-01.wav	piano	D3	8
audio/train/output/d3_0305-00.wav	piano	D3	8
audio/train/output/d3_0305-01.wav	piano	D3	8
audio/train/output/d3_0306-00.wav	piano	D3	8
audio/train/output/d3_0306-01.wav	piano	D3	8
audio/train/output/d3_0307-00.wav	piano	D3	8
audio/train/output/d3_0307-01.wav	piano	D3	8
audio/train/output/d3_0308-00.wav	piano	D3	8
audio/train/output/d3_0308-01.wav	piano	D3	8
audio/train/output/d3_0309-00.wav	piano	D3	8
audio/train/output/d3_0309-01.wav	piano	D3	8
audio/train/output/d3_0310-00.wav	piano	D3	8
audio/train/output/d3_0311-00.wav	piano	D3	8
audio/train/output/d3_0311-01.wav	piano	D3	8
audio/train/output/d3_0312-00.wav	piano	D3	8
audio/train/output/d3_0312-01.wav	piano	D3	8
audio/train/output/d3_0313-00.wav	piano	D3	8
audio/train/output/d3_0313-01.wav	piano	D3	8
audio/train/output/d3_0314-00.wav	piano	D3	8
audio/train/output/d3_0314-01.wav	piano	D3	8
audio/train/output/d3_0315-00.wav	piano	D3	8
audio/train/output/d3_0316-00.wav	piano	D3	8
audio/train/output/d3_0317-00.wav	piano	D3	8
audio/train/output/d3_0318-00.wav	piano	D3	8
audio/train/output/d3_0318-01.wav	piano	D3	8
audio/train/output/d3_0319-00.wav	piano	D3	8
audio/train/output/d3_0319-01.wav	piano	D3	8
audio/train/output/d3_0320-00.wav	piano	D3	8
audio/train/output/d3_0320-01.wav	piano	D3	8
audio/train/output/d3_0321-00.wav	piano	D3	8
audio/train/output/d3_0321-01.wav	piano	D3	8
audio/train/output/d3_0322-00.wav	piano	D3	8
audio/train/output/d3_0322-01.wav	piano	D3	8
audio/train/output/d3_0323-00.wav	piano	D3	8
audio/train/output/d3_0324-00.wav	piano	D3	8
audio/train/output/d3_0324-01.wav	piano	D3	8
audio/train/output/d3_0325-00.wav	piano	D3	8
audio/train/output/d3_0325-01.wav	piano	D3	8
audio/train/output/d3_0326-00.wav	piano	D3	8
audio/train/output/d3_0327-00.wav	piano	D3	8
audio/train/output/d3_0328-00.wav	piano	D3	8
audio/train/output/d3_0328-01.wav	piano	D3	8
audio/train/output/d3_0329-00.wav	piano	D3	8
audio/train/output/d3_0329-01.wav	piano	D3	8
audio/train/output/d3_0330-00.wav	piano	D3	8
audio/train/output/d3_0331-00.wav	piano	D3	8
audio/train/output/d3_0331-01.wav	piano	D3	8
audio/train/output/d3_0332-00.wav	piano	D3	8
audio/train/output/d3_0333-00.wav	piano	D3	8
audio/train/output/d3_0333-01.wav	piano	D3	8
audio/train/output/d3_0334-00.wav	piano	D3	8
audio/train/output/d3_0335-00.wav	piano	D3	8
audio/train/output/d3_0335-01.wav	piano	D3	8
audio/train/output/d3_0336-00.wav	piano	D3	8
audio/train/output/d3_0336-01.wav	piano	D3	8
audio/train/output/d3_0337-00.wav	piano	D3	8
audio/train/output/d3_0338-00.wav	piano	D3	8
audio/train/output/d3_0339-00.wav	piano	D3	8
audio/train/output/d3_0339-01.wav	piano	D3	8
audio/train/output/d3_0340-00.wav	piano	D3	8
audio/train/output/d3_0340-01.wav	piano	D3	8
audio/train/output/d3_0341-00.wav	piano	D3	8
audio/train/output/d3_0341-01.wav	piano	D3	8
audio/train/output/d3_0342-00.wav	piano	D3	8
audio/train/output/d3_0343-00.wav	piano	D3	8
audio/train/output/d3_0343-01.wav	piano	D3	8
audio/train/output/d3_0344-00.wav	piano	D3	8
audio/train/output/d3_0344-01.wav	piano	D3	8
audio/train/output/d3_0345-00.wav	piano	D3	8
audio/train/output/d3_0346-00.wav	piano	D3	8
audio/train/output/d3_0346-01.wav	piano	D3	8
audio/train/output/d3_0347-00.wav	piano	D3	8
audio/train/output/d3_0347-01.wav	piano	D3	8
audio/train/output/d3_0348-00.wav	piano	D3	8
audio/train/output/d3_0349-00.wav	piano	D3	8
audio/train/output/d3_0349-01.wav	piano	D3	8
audio/train/output/d3_0350-00.wav	piano	D3	8
audio/train/output/d3_0350-01.wav	piano	D3	8
audio/train/output/d3_0351-00.wav	piano	D3	8
audio/train/output/d3_0351-01.wav	piano	D3	8
audio/train/output/d3_0352-00.wav	piano	D3	8
audio/train/output/d3_0353-00.wav	piano	D3	8
audio/train/output/d3_0354-00.wav	piano	D3	8
audio/train/output/d3_0354-01.wav	piano	D3	8
audio/train/output/d3_0355-00.wav	piano	D3	8
audio/train/output/d3_0356-00.wav	piano	D3	8
audio/train/output/d3_0357-00.wav	piano	D3	8
audio/train/output/d3_0358-00.wav	piano	D3	8
audio/train/output/d3_0358-01.wav	piano	D3	8
audio/train/output/d3_0359-00.wav	piano	D3	8
audio/train/output/d3_0359-01.wav	piano	D3	8
audio/train/output/d3_0360-00.wav	piano	D3	8
audio/train/output/d3_0360-01.wav	piano	D3	8
audio/train/output/d3_0361-00.wav	piano	D3	8
audio/train/output/d3_0361-01.wav	piano	D3	8
audio/train/output/d3_0362-00.wav	piano	D3	8
audio/train/output/d3_0362-01.wav	piano	D3	8
audio/train/output/d3_0363-00.wav	piano	D3	8
audio/train/output/d3_0363-01.wav	piano	D3	8
audio/train/output/d3_0364-00.wav	piano	D3	8
audio/train/output/d3_0364-01.wav	piano	D3	8
audio/train/output/d3_0365-00.wav	piano	D3	8
audio/train/output/d3_0366-00.wav	piano	D3	8
audio/train/output/d3_0366-01.wav	piano	D3	8
audio/train/output/d3_0367-00.wav	piano	D3	8
audio/train/output/d3_0367-01.wav	piano	D3	8
audio/train/output/d3_0368-00.wav	piano	D3	8
audio/train/output/d3_0368-01.wav	piano	D3	8
audio/train/output/d3_0369-00.wav	piano	D3	8
audio/train/output/d3_0369-01.wav	piano	D3	8
audio/train/output/d3_0370-00.wav	piano	D3	8
audio/train/output/d3_0371-00.wav	piano	D3	8
audio/train/output/d3_0371-01.wav	piano	D3	8
audio/train/output/d3_0372-00.wav	piano	D3	8
audio/train/output/d3_0372-01.wav	piano	D3	8
audio/train/output/d3_0373-00.wav	piano	D3	8
audio/train/output/d3_0373-01.wav	piano	D3	8
audio/train/output/d3_0374-00.wav	piano	D3	8
audio/train/output/d3_0374-01.wav	piano	D3	8
audio/train/output/d3_0375-00.wav	piano	D3	8
audio/train/output/d3_0375-01.wav	piano	D3	8
audio/train/output/d3_0376-00.wav	piano	D3	8
audio/train/output/d3_0377-00.wav	piano	D3	8
audio/train/output/d3_0377-01.wav	piano	D3	8
audio/train/output/d3_0378-00.wav	piano	D3	8
audio/train/output/d3_0378-01.wav	piano	D3	8
audio/train/output/d3_0379-00.wav	piano	D3	8
audio/train/output/d3_0379-01.wav	piano	D3	8
audio/train/output/d3_0380-00.wav	piano	D3	8
audio/train/output/d3_0380-01.wav	piano	D3	8
audio/train/output/d3_0381-00.wav	piano	D3	8
audio/train/output/d3_0382-00.wav	piano	D3	8
audio/train/output/d3_0383-00.wav	piano	D3	8
audio/train/output/d3_0384-00.wav	piano	D3	8
audio/train/output/d3_0385-00.wav	piano	D3	8
audio/train/output/d3_0386-00.wav	piano	D3	8
audio/train/output/d3_0386-01.wav	piano	D3	8
audio/train/output/d3_0387-00.wav	piano	D3	8
audio/train/output/d3_0387-01.wav	piano	D3	8
audio/train/output/d3_0388-00.wav	piano	D3	8
audio/train/output/d3_0388-01.wav	piano	D3	8
audio/train/output/d3_0389-00.wav	piano	D3	8
audio/train/output/d3_0389-01.wav	piano	D3	8
audio/train/output/d3_0390-00.wav	piano	D3	8
audio/train/output/d3_0390-01.wav	piano	D3	8
audio/train/output/d3_0391-00.wav	piano	D3	8
audio/train/output/d3_0391-01.wav	piano	D3	8
audio/train/output/d3_0392-00.wav	piano	D3	8
audio/train/output/d3_0392-01.wav	piano	D3	8
audio/train/output/d3_0393-00.wav	piano	D3	8
audio/train/output/d3_0393-01.wav	piano	D3	8
audio/train/output/d3_0394-00.wav	piano	D3	8
audio/train/output/d3_0395-00.wav	piano	D3	8
audio/train/output/d3_0396-00.wav	piano	D3	8
audio/train/output/d3_0396-01.wav	piano	D3	8
audio/train/output/d3_0397-00.wav	piano	D3	8
audio/train/output/d3_0398-00.wav	piano	D3	8
audio/train/output/d3_0398-01.wav	piano	D3	8
audio/train/output/d3_0399-00.wav	piano	D3	8
audio/train/output/d3_0399-01.wav	piano	D3	8
audio/train/output/d3_0400-00.wav	piano	D3	8
audio/train/output/d3_0400-01.wav	piano	D3	8
audio/train/output/d3_0401-00.wav	piano	D3	8
audio/train/output/d3_0401-01.wav	piano	D3	8
audio/train/output/d3_0402-00.wav	piano	D3	8
audio/train/output/d3_0402-01.wav	piano	D3	8
audio/train/output/d3_0403-00.wav	piano	D3	8
audio/train/output/d3_0403-01.wav	piano	D3	8
audio/train/output/d3_0404-00.wav	piano	D3	8
audio/train/output/d3_0404-01.wav	piano	D3	8
audio/train/output/d3_0405-00.wav	piano	D3	8
audio/train/output/d3_0405-01.wav	piano	D3	8
audio/train/output/d3_0406-00.wav	piano	D3	8
audio/train/output/d3_0406-01.wav	piano	D3	8
audio/train/output/d3_0407-00.wav	piano	D3	8
audio/train/output/d3_0408-00.wav	piano	D3	8
audio/train/output/d3_0409-00.wav	piano	D3	8
audio/train/output/d3_0410-00.wav	piano	D3	8
audio/train/output/d3_0410-01.wav	piano	D3	8
audio/train/output/d3_0411-00.wav	piano	D3	8
audio/train/output/d3_0411-01.wav	piano	D3	8
audio/train/output/d3_0412-00.wav	piano	D3	8
audio/train/output/d3_0412-01.wav	piano	D3	8
audio/train/output/d3_0413-00.wav	piano	D3	8
audio/train/output/d3_0413-01.wav	piano	D3	8
audio/train/output/d3_0414-00.wav	piano	D3	8
audio/train/output/d3_0414-01.wav	piano	D3	8
audio/train/output/d3_0415-00.wav	piano	D3	8
audio/train/output/d3_0416-00.wav	piano	D3	8
audio/train/output/d3_0417-00.wav	piano	D3	8
audio/train/output/d3_0417-01.wav	piano	D3	8
audio/train/output/d3_0418-00.wav	piano	D3	8
audio/train/output/d3_0418-01.wav	piano	D3	8
audio/train/output/d3_0419-00.wav	piano	D3	8
audio/train/output/d3_0420-00.wav	piano	D3	8
audio/train/output/d3_0421-00.wav	piano	D3	8
audio/train/output/d3_0421-01.wav	piano	D3	8
audio/train/output/d3_0422-00.wav	piano	D3	8
audio/train/output/d3_0422-01.wav	piano	D3	8
audio/train/output/d3_0423-00.wav	piano	D3	8
audio/train/output/d3_0423-01.wav	piano	D3	8
audio/train/output/d3_0424-00.wav	piano	D3	8
audio/train/output/d3_0424-01.wav	piano	D3	8
audio/train/output/d3_0425-00.wav	piano	D3	8
audio/train/output/d3_0425-01.wav	piano	D3	8
audio/train/output/d3_0426-00.wav	piano	D3	8
audio/train/output/d3_0426-01.wav	piano	D3	8
audio/train/output/d3_0427-00.wav	piano	D3	8
audio/train/output/d3_0427-01.wav	piano	D3	8
audio/train/output/d3_0428-00.wav	piano	D3	8
audio/train/output/d3_0428-01.wav	piano	D3	8
audio/train/output/d3_0429-00.wav	piano	D3	8
audio/train/output/d3_0430-00.wav	piano	D3	8
audio/train/output/d3_0431-00.wav	piano	D3	8
audio/train/output/d3_0432-00.wav	piano	D3	8
audio/train/output/d3_0432-01.wav	piano	D3	8
audio/train/output/d3_0433-00.wav	piano	D3	8
audio/train/output/d3_0433-01.wav	piano	D3	8
audio/train/output/d3_0434-00.wav	piano	D3	8
audio/train/output/d3_0434-01.wav	piano	D3	8
audio/train/output/d3_0435-00.wav	piano	D3	8
audio/train/output/d3_0435-01.wav	piano	D3	8
audio/train/output/d3_0436-00.wav	piano	D3	8
audio/train/output/d3_0436-01.wav	piano	D3	8
audio/train/output/d3_0437-00.wav	piano	D3	8
audio/train/output/d3_0437-01.wav	piano	D3	8
audio/train/output/d3_0438-00.wav	piano	D3	8
audio/train/output/d3_0439-00.wav	piano	D3	8
audio/train/output/d3_0439-01.wav	piano	D3	8
audio/train/output/d3_0440-00.wav	piano	D3	8
audio/train/output/d3_0440-01.wav	piano	D3	8
audio/train/output/d3_0441-00.wav	piano	D3	8
audio/train/output/d3_0441-01.wav	piano	D3	8
audio/train/output/d3_0442-00.wav	piano	D3	8
audio/train/output/d3_0442-01.wav	piano	D3	8
audio/train/output/d3_0443-00.wav	piano	D3	8
audio/train/output/d3_0443-01.wav	piano	D3	8
audio/train/output/d3_0444-00.wav	piano	D3	8
audio/train/output/d3_0444-01.wav	piano	D3	8
audio/train/output/d3_0445-00.wav	piano	D3	8
audio/train/output/d3_0446-00.wav	piano	D3	8
audio/train/output/d3_0447-00.wav	piano	D3	8
audio/train/output/d3_0447-01.wav	piano	D3	8
audio/train/output/d3_0448-00.wav	piano	D3	8
audio/train/output/d3_0449-00.wav	piano	D3	8
audio/train/output/d3_0449-01.wav	piano	D3	8
audio/train/output/d3_0450-00.wav	piano	D3	8
audio/train/output/d3_0450-01.wav	piano	D3	8
audio/train/output/d3_0451-00.wav	piano	D3	8
audio/train/output/d3_0451-01.wav	piano	D3	8
audio/train/output/d3_0452-00.wav	piano	D3	8
audio/train/output/d3_0452-01.wav	piano	D3	8
audio/train/output/d3_0453-00.wav	piano	D3	8
audio/train/output/d3_0454-00.wav	piano	D3	8
audio/train/output/d3_0454-01.wav	piano	D3	8
audio/train/output/d3_0455-00.wav	piano	D3	8
audio/train/output/d3_0455-01.wav	piano	D3	8
audio/train/output/d3_0456-00.wav	dog	D3	2
audio/train/output/d3_0457-00.wav	dog	D3	2
audio/train/output/d3_0458-00.wav	dog	D3	2
audio/train/output/d3_0458-01.wav	dog	D3	2
audio/train/output/d3_0459-00.wav	dog	D3	2
audio/train/output/d3_0460-00.wav	dog	D3	2
audio/train/output/d3_0460-01.wav	dog	D3	2
audio/train/output/d3_0461-00.wav	dog	D3	2
audio/train/output/d3_0461-01.wav	dog	D3	2
audio/train/output/d3_0462-00.wav	dog	D3	2
audio/train/output/d3_0462-01.wav	dog	D3	2
audio/train/output/d3_0463-00.wav	dog	D3	2
audio/train/output/d3_0463-01.wav	dog	D3	2
audio/train/output/d3_0464-00.wav	dog	D3	2
audio/train/output/d3_0464-01.wav	dog	D3	2
audio/train/output/d3_0465-00.wav	dog	D3	2
audio/train/output/d3_0466-00.wav	dog	D3	2
audio/train/output/d3_0467-00.wav	dog	D3	2
audio/train/output/d3_0467-01.wav	dog	D3	2
audio/train/output/d3_0468-00.wav	dog	D3	2
audio/train/output/d3_0468-01.wav	dog	D3	2
audio/train/output/d3_0469-00.wav	dog	D3	2
audio/train/output/d3_0469-01.wav	dog	D3	2
audio/train/output/d3_0470-00.wav	dog	D3	2
audio/train/output/d3_0470-01.wav	dog	D3	2
audio/train/output/d3_0471-00.wav	dog	D3	2
audio/train/output/d3_0472-00.wav	dog	D3	2
audio/train/output/d3_0472-01.wav	dog	D3	2
audio/train/output/d3_0473-00.wav	dog	D3	2
audio/train/output/d3_0473-01.wav	dog	D3	2
audio/train/output/d3_0474-00.wav	dog	D3	2
audio/train/output/d3_0474-01.wav	dog	D3	2
audio/train/output/d3_0475-00.wav	dog	D3	2
audio/train/output/d3_0476-00.wav	dog	D3	2
audio/train/output/d3_0477-00.wav	dog	D3	2
audio/train/output/d3_0478-00.wav	dog	D3	2
audio/train/output/d3_0479-00.wav	dog	D3	2
audio/train/output/d3_0479-01.wav	dog	D3	2
audio/train/output/d3_0480-00.wav	dog	D3	2
audio/train/output/d3_0480-01.wav	dog	D3	2
audio/train/output/d3_0481-00.wav	dog	D3	2
audio/train/output/d3_0481-01.wav	dog	D3	2
audio/train/output/d3_0482-00.wav	dog	D3	2
audio/train/output/d3_0482-01.wav	dog	D3	2
audio/train/output/d3_0483-00.wav	dog	D3	2
audio/train/output/d3_0483-01.wav	dog	D3	2
audio/train/output/d3_0484-00.wav	dog	D3	2
audio/train/output/d3_0485-00.wav	dog	D3	2
audio/train/output/d3_0486-00.wav	dog	D3	2
audio/train/output/d3_0487-00.wav	dog	D3	2
audio/train/output/d3_0488-00.wav	dog	D3	2
audio/train/output/d3_0488-01.wav	dog	D3	2
audio/train/output/d3_0489-00.wav	dog	D3	2
audio/train/output/d3_0490-00.wav	dog	D3	2
audio/train/output/d3_0491-00.wav	dog	D3	2
audio/train/output/d3_0491-01.wav	dog	D3	2
audio/train/output/d3_0492-00.wav	dog	D3	2
audio/train/output/d3_0492-01.wav	dog	D3	2
audio/train/output/d3_0493-00.wav	dog	D3	2
audio/train/output/d3_0494-00.wav	dog	D3	2
audio/train/output/d3_0495-00.wav	dog	D3	2
audio/train/output/d3_0495-01.wav	dog	D3	2
audio/train/output/d3_0496-00.wav	dog	D3	2
audio/train/output/d3_0496-01.wav	dog	D3	2
audio/train/output/d3_0497-00.wav	dog	D3	2
audio/train/output/d3_0498-00.wav	dog	D3	2
audio/train/output/d3_0499-00.wav	dog	D3	2
audio/train/output/d3_0499-01.wav	dog	D3	2
audio/train/output/d3_0500-00.wav	dog	D3	2
audio/train/output/d3_0501-00.wav	dog	D3	2
audio/train/output/d3_0501-01.wav	dog	D3	2
audio/train/output/d3_0502-00.wav	dog	D3	2
audio/train/output/d3_0502-01.wav	dog	D3	2
audio/train/output/d3_0503-00.wav	dog	D3	2
audio/train/output/d3_0503-01.wav	dog	D3	2
audio/train/output/d3_0504-00.wav	dog	D3	2
audio/train/output/d3_0504-01.wav	dog	D3	2
audio/train/output/d3_0505-00.wav	dog	D3	2
audio/train/output/d3_0505-01.wav	dog	D3	2
audio/train/output/d3_0506-00.wav	dog	D3	2
audio/train/output/d3_0506-01.wav	dog	D3	2
audio/train/output/d3_0507-00.wav	dog	D3	2
audio/train/output/d3_0507-01.wav	dog	D3	2
audio/train/output/d3_0508-00.wav	dog	D3	2
audio/train/output/d3_0508-01.wav	dog	D3	2
audio/train/output/d3_0509-00.wav	dog	D3	2
audio/train/output/d3_0509-01.wav	dog	D3	2
audio/train/output/d3_0510-00.wav	dog	D3	2
audio/train/output/d3_0511-00.wav	dog	D3	2
audio/train/output/d3_0512-00.wav	dog	D3	2
audio/train/output/d3_0512-01.wav	dog	D3	2
audio/train/output/d3_0513-00.wav	dog	D3	2
audio/train/output/d3_0513-01.wav	dog	D3	2
audio/train/output/d3_0514-00.wav	dog	D3	2
audio/train/output/d3_0514-01.wav	dog	D3	2
audio/train/output/d3_0515-00.wav	dog	D3	2
audio/train/output/d3_0515-01.wav	dog	D3	2
audio/train/output/d3_0516-00.wav	dog	D3	2
audio/train/output/d3_0517-00.wav	dog	D3	2
audio/train/output/d3_0518-00.wav	dog	D3	2
audio/train/output/d3_0518-01.wav	dog	D3	2
audio/train/output/d3_0519-00.wav	dog	D3	2
audio/train/output/d3_0519-01.wav	dog	D3	2
audio/train/output/d3_0520-00.wav	dog	D3	2
audio/train/output/d3_0520-01.wav	dog	D3	2
audio/train/output/d3_0521-00.wav	dog	D3	2
audio/train/output/d3_0522-00.wav	dog	D3	2
audio/train/output/d3_0523-00.wav	dog	D3	2
audio/train/output/d3_0524-00.wav	dog	D3	2
audio/train/output/d3_0524-01.wav	dog	D3	2
audio/train/output/d3_0525-00.wav	dog	D3	2
audio/train/output/d3_0526-00.wav	dog	D3	2
audio/train/output/d3_0526-01.wav	dog	D3	2
audio/train/output/d3_0527-00.wav	dog	D3	2
audio/train/output/d3_0527-01.wav	dog	D3	2
audio/train/output/d3_0528-00.wav	dog	D3	2
audio/train/output/d3_0528-01.wav	dog	D3	2
audio/train/output/d3_0529-00.wav	dog	D3	2
audio/train/output/d3_0529-01.wav	dog	D3	2
audio/train/output/d3_0530-00.wav	dog	D3	2
audio/train/output/d3_0531-00.wav	dog	D3	2
audio/train/output/d3_0531-01.wav	dog	D3	2
audio/train/output/d3_0532-00.wav	dog	D3	2
audio/train/output/d3_0532-01.wav	dog	D3	2
audio/train/output/d3_0533-00.wav	dog	D3	2
audio/train/output/d3_0533-01.wav	dog	D3	2
audio/train/output/d3_0534-00.wav	dog	D3	2
audio/train/output/d3_0534-01.wav	dog	D3	2
audio/train/output/d3_0535-00.wav	dog	D3	2
audio/train/output/d3_0536-00.wav	dog	D3	2
audio/train/output/d3_0536-01.wav	dog	D3	2
audio/train/output/d3_0537-00.wav	dog	D3	2
audio/train/output/d3_0537-01.wav	dog	D3	2
audio/train/output/d3_0538-00.wav	dog	D3	2
audio/train/output/d3_0538-01.wav	dog	D3	2
audio/train/output/d3_0539-00.wav	dog	D3	2
audio/train/output/d3_0539-01.wav	dog	D3	2
audio/train/output/d3_0540-00.wav	dog	D3	2
audio/train/output/d3_0541-00.wav	dog	D3	2
audio/train/output/d3_0542-00.wav	dog	D3	2
audio/train/output/d3_0542-01.wav	dog	D3	2
audio/train/output/d3_0543-00.wav	dog	D3	2
audio/train/output/d3_0544-00.wav	dog	D3	2
audio/train/output/d3_0545-00.wav	dog	D3	2
audio/train/output/d3_0546-00.wav	dog	D3	2
audio/train/output/d3_0546-01.wav	dog	D3	2
audio/train/output/d3_0547-00.wav	dog	D3	2
audio/train/output/d3_0548-00.wav	dog	D3	2
audio/train/output/d3_0548-01.wav	dog	D3	2
audio/train/output/d3_0549-00.wav	dog	D3	2
audio/train/output/d3_0550-00.wav	dog	D3	2
audio/train/output/d3_0550-01.wav	dog	D3	2
audio/train/output/d3_0551-00.wav	dog	D3	2
audio/train/output/d3_0551-01.wav	dog	D3	2
audio/train/output/d3_0552-00.wav	dog	D3	2
audio/train/output/d3_0553-00.wav	dog	D3	2
audio/train/output/d3_0553-01.wav	dog	D3	2
audio/train/output/d3_0554-00.wav	dog	D3	2
audio/train/output/d3_0555-00.wav	dog	D3	2
audio/train/output/d3_0556-00.wav	dog	D3	2
audio/train/output/d3_0556-01.wav	dog	D3	2
audio/train/output/d3_0557-00.wav	dog	D3	2
audio/train/output/d3_0558-00.wav	dog	D3	2
audio/train/output/d3_0558-01.wav	dog	D3	2
audio/train/output/d3_0559-00.wav	dog	D3	2
audio/train/output/d3_0559-01.wav	dog	D3	2
audio/train/output/d3_0560-00.wav	dog	D3	2
audio/train/output/d3_0560-01.wav	dog	D3	2
audio/train/output/d3_0561-00.wav	dog	D3	2
audio/train/output/d3_0561-01.wav	dog	D3	2
audio/train/output/d3_0562-00.wav	dog	D3	2
audio/train/output/d3_0562-01.wav	dog	D3	2
audio/train/output/d3_0563-00.wav	dog	D3	2
audio/train/output/d3_0563-01.wav	dog	D3	2
audio/train/output/d3_0564-00.wav	dog	D3	2
audio/train/output/d3_0565-00.wav	dog	D3	2
audio/train/output/d3_0566-00.wav	dog	D3	2
audio/train/output/d3_0566-01.wav	dog	D3	2
audio/train/output/d3_0567-00.wav	dog	D3	2
audio/train/output/d3_0568-00.wav	dog	D3	2
audio/train/output/d3_0568-01.wav	dog	D3	2
audio/train/output/d3_0569-00.wav	dog	D3	2
audio/train/output/d3_0570-00.wav	dog	D3	2
audio/train/output/d3_0571-00.wav	dog	D3	2
audio/train/output/d3_0571-01.wav	dog	D3	2
audio/train/output/d3_0572-00.wav	dog	D3	2
audio/train/output/d3_0572-01.wav	dog	D3	2
audio/train/output/d3_0573-00.wav	dog	D3	2
audio/train/output/d3_0574-00.wav	dog	D3	2
audio/train/output/d3_0574-01.wav	dog	D3	2
audio/train/output/d3_0575-00.wav	dog	D3	2
audio/train/output/d3_0575-01.wav	dog	D3	2
audio/train/output/d3_0576-00.wav	dog	D3	2
audio/train/output/d3_0577-00.wav	dog	D3	2
audio/train/output/d3_0578-00.wav	dog	D3	2
audio/train/output/d3_0578-01.wav	dog	D3	2
audio/train/output/d3_0579-00.wav	dog	D3	2
audio/train/output/d3_0579-01.wav	dog	D3	2
audio/train/output/d3_0580-00.wav	dog	D3	2
audio/train/output/d3_0581-00.wav	dog	D3	2
audio/train/output/d3_0582-00.wav	dog	D3	2
audio/train/output/d3_0582-01.wav	dog	D3	2
audio/train/output/d3_0583-00.wav	dog	D3	2
audio/train/output/d3_0583-01.wav	dog	D3	2
audio/train/output/d3_0584-00.wav	dog	D3	2
audio/train/output/d3_0585-00.wav	dog	D3	2
audio/train/output/d3_0586-00.wav	dog	D3	2
audio/train/output/d3_0586-01.wav	dog	D3	2
audio/train/output/d3_0587-00.wav	dog	D3	2
audio/train/output/d3_0587-01.wav	dog	D3	2
audio/train/output/d3_0588-00.wav	dog	D3	2
audio/train/output/d3_0588-01.wav	dog	D3	2
audio/train/output/d3_0589-00.wav	dog	D3	2
audio/train/output/d3_0589-01.wav	dog	D3	2
audio/train/output/d3_0590-00.wav	dog	D3	2
audio/train/output/d3_0590-01.wav	dog	D3	2
audio/train/output/d3_0591-00.wav	dog	D3	2
audio/train/output/d3_0591-01.wav	dog	D3	2
audio/train/output/d3_0592-00.wav	dog	D3	2
audio/train/output/d3_0593-00.wav	dog	D3	2
audio/train/output/d3_0593-01.wav	dog	D3	2
audio/train/output/d3_0594-00.wav	dog	D3	2
audio/train/output/d3_0595-00.wav	dog	D3	2
audio/train/output/d3_0595-01.wav	dog	D3	2
audio/train/output/d3_0596-00.wav	dog	D3	2
audio/train/output/d3_0597-00.wav	dog	D3	2
audio/train/output/d3_0597-01.wav	dog	D3	2
audio/train/output/d3_0598-00.wav	dog	D3	2
audio/train/output/d3_0598-01.wav	dog	D3	2
audio/train/output/d3_0599-00.wav	dog	D3	2
audio/train/output/d3_0599-01.wav	dog	D3	2
audio/train/output/d3_0600-00.wav	dog	D3	2
audio/train/output/d3_0600-01.wav	dog	D3	2
audio/train/output/d3_0601-00.wav	dog	D3	2
audio/train/output/d3_0602-00.wav	dog	D3	2
audio/train/output/d3_0602-01.wav	dog	D3	2
audio/train/output/d3_0603-00.wav	dog	D3	2
audio/train/output/d3_0604-00.wav	dog	D3	2
audio/train/output/d3_0604-01.wav	dog	D3	2
audio/train/output/d3_0605-00.wav	dog	D3	2
audio/train/output/d3_0605-01.wav	dog	D3	2
audio/train/output/d3_0606-00.wav	dog	D3	2
audio/train/output/d3_0607-00.wav	dog	D3	2
audio/train/output/d3_0608-00.wav	dog	D3	2
audio/train/output/d3_0609-00.wav	dog	D3	2
audio/train/output/d3_0610-00.wav	dog	D3	2
audio/train/output/d3_0610-01.wav	dog	D3	2
audio/train/output/d3_0611-00.wav	dog	D3	2
audio/train/output/d3_0612-00.wav	dog	D3	2
audio/train/output/d3_0613-00.wav	dog	D3	2
audio/train/output/d3_0614-00.wav	dog	D3	2
audio/train/output/d3_0615-00.wav	dog	D3	2
audio/train/output/d3_0616-00.wav	dog	D3	2
audio/train/output/d3_0617-00.wav	dog	D3	2
audio/train/output/d3_0618-00.wav	dog	D3	2
audio/train/output/d3_0619-00.wav	dog	D3	2
audio/train/output/d3_0619-01.wav	dog	D3	2
audio/train/output/d3_0620-00.wav	dog	D3	2
audio/train/output/d3_0621-00.wav	dog	D3	2
audio/train/output/d3_0621-01.wav	dog	D3	2
audio/train/output/d3_0622-00.wav	dog	D3	2
audio/train/output/d3_0623-00.wav	dog	D3	2
audio/train/output/d3_0623-01.wav	dog	D3	2
audio/train/output/d3_0624-00.wav	dog	D3	2
audio/train/output/d3_0624-01.wav	dog	D3	2
audio/train/output/d3_0625-00.wav	dog	D3	2
audio/train/output/d3_0626-00.wav	dog	D3	2
audio/train/output/d3_0626-01.wav	dog	D3	2
audio/train/output/d3_0627-00.wav	dog	D3	2
audio/train/output/d3_0628-00.wav	dog	D3	2
audio/train/output/d3_0628-01.wav	dog	D3	2
audio/train/output/d3_0629-00.wav	dog	D3	2
audio/train/output/d3_0629-01.wav	dog	D3	2
audio/train/output/d3_0630-00.wav	dog	D3	2
audio/train/output/d3_0631-00.wav	dog	D3	2
audio/train/output/d3_0632-00.wav	dog	D3	2
audio/train/output/d3_0632-01.wav	dog	D3	2
audio/train/output/d3_0633-00.wav	dog	D3	2
audio/train/output/d3_0633-01.wav	dog	D3	2
audio/train/output/d3_0634-00.wav	footsteps	D3	5
audio/train/output/d3_0634-01.wav	footsteps	D3	5
audio/train/output/d3_0635-00.wav	footsteps	D3	5
audio/train/output/d3_0636-00.wav	footsteps	D3	5
audio/train/output/d3_0637-00.wav	footsteps	D3	5
audio/train/output/d3_0637-01.wav	footsteps	D3	5
audio/train/output/d3_0638-00.wav	footsteps	D3	5
audio/train/output/d3_0638-01.wav	footsteps	D3	5
audio/train/output/d3_0639-00.wav	footsteps	D3	5
audio/train/output/d3_0639-01.wav	footsteps	D3	5
audio/train/output/d3_0640-00.wav	footsteps	D3	5
audio/train/output/d3_0640-01.wav	footsteps	D3	5
audio/train/output/d3_0641-00.wav	footsteps	D3	5
audio/train/output/d3_0642-00.wav	footsteps	D3	5
audio/train/output/d3_0643-00.wav	footsteps	D3	5
audio/train/output/d3_0643-01.wav	footsteps	D3	5
audio/train/output/d3_0644-00.wav	footsteps	D3	5
audio/train/output/d3_0644-01.wav	footsteps	D3	5
audio/train/output/d3_0645-00.wav	footsteps	D3	5
audio/train/output/d3_0645-01.wav	footsteps	D3	5
audio/train/output/d3_0646-00.wav	footsteps	D3	5
audio/train/output/d3_0647-00.wav	footsteps	D3	5
audio/train/output/d3_0648-00.wav	footsteps	D3	5
audio/train/output/d3_0649-00.wav	footsteps	D3	5
audio/train/output/d3_0650-00.wav	footsteps	D3	5
audio/train/output/d3_0650-01.wav	footsteps	D3	5
audio/train/output/d3_0651-00.wav	footsteps	D3	5
audio/train/output/d3_0651-01.wav	footsteps	D3	5
audio/train/output/d3_0652-00.wav	footsteps	D3	5
audio/train/output/d3_0652-01.wav	footsteps	D3	5
audio/train/output/d3_0653-00.wav	footsteps	D3	5
audio/train/output/d3_0654-00.wav	footsteps	D3	5
audio/train/output/d3_0654-01.wav	footsteps	D3	5
audio/train/output/d3_0655-00.wav	footsteps	D3	5
audio/train/output/d3_0655-01.wav	footsteps	D3	5
audio/train/output/d3_0656-00.wav	footsteps	D3	5
audio/train/output/d3_0656-01.wav	footsteps	D3	5
audio/train/output/d3_0657-00.wav	footsteps	D3	5
audio/train/output/d3_0658-00.wav	footsteps	D3	5
audio/train/output/d3_0658-01.wav	footsteps	D3	5
audio/train/output/d3_0659-00.wav	footsteps	D3	5
audio/train/output/d3_0660-00.wav	footsteps	D3	5
audio/train/output/d3_0660-01.wav	footsteps	D3	5
audio/train/output/d3_0661-00.wav	footsteps	D3	5
audio/train/output/d3_0662-00.wav	footsteps	D3	5
audio/train/output/d3_0663-00.wav	footsteps	D3	5
audio/train/output/d3_0663-01.wav	footsteps	D3	5
audio/train/output/d3_0664-00.wav	footsteps	D3	5
audio/train/output/d3_0664-01.wav	footsteps	D3	5
audio/train/output/d3_0665-00.wav	footsteps	D3	5
audio/train/output/d3_0665-01.wav	footsteps	D3	5
audio/train/output/d3_0666-00.wav	footsteps	D3	5
audio/train/output/d3_0667-00.wav	footsteps	D3	5
audio/train/output/d3_0667-01.wav	footsteps	D3	5
audio/train/output/d3_0668-00.wav	footsteps	D3	5
audio/train/output/d3_0668-01.wav	footsteps	D3	5
audio/train/output/d3_0669-00.wav	footsteps	D3	5
audio/train/output/d3_0670-00.wav	footsteps	D3	5
audio/train/output/d3_0671-00.wav	footsteps	D3	5
audio/train/output/d3_0671-01.wav	footsteps	D3	5
audio/train/output/d3_0672-00.wav	footsteps	D3	5
audio/train/output/d3_0672-01.wav	footsteps	D3	5
audio/train/output/d3_0673-00.wav	footsteps	D3	5
audio/train/output/d3_0674-00.wav	footsteps	D3	5
audio/train/output/d3_0674-01.wav	footsteps	D3	5
audio/train/output/d3_0675-00.wav	footsteps	D3	5
audio/train/output/d3_0676-00.wav	footsteps	D3	5
audio/train/output/d3_0677-00.wav	footsteps	D3	5
audio/train/output/d3_0677-01.wav	footsteps	D3	5
audio/train/output/d3_0678-00.wav	footsteps	D3	5
audio/train/output/d3_0679-00.wav	footsteps	D3	5
audio/train/output/d3_0680-00.wav	footsteps	D3	5
audio/train/output/d3_0681-00.wav	footsteps	D3	5
audio/train/output/d3_0682-00.wav	footsteps	D3	5
audio/train/output/d3_0682-01.wav	footsteps	D3	5
audio/train/output/d3_0683-00.wav	footsteps	D3	5
audio/train/output/d3_0684-00.wav	footsteps	D3	5
audio/train/output/d3_0685-00.wav	footsteps	D3	5
audio/train/output/d3_0686-00.wav	footsteps	D3	5
audio/train/output/d3_0686-01.wav	footsteps	D3	5
audio/train/output/d3_0687-00.wav	footsteps	D3	5
audio/train/output/d3_0688-00.wav	footsteps	D3	5
audio/train/output/d3_0689-00.wav	footsteps	D3	5
audio/train/output/d3_0689-01.wav	footsteps	D3	5
audio/train/output/d3_0690-00.wav	footsteps	D3	5
audio/train/output/d3_0690-01.wav	footsteps	D3	5
audio/train/output/d3_0691-00.wav	footsteps	D3	5
audio/train/output/d3_0691-01.wav	footsteps	D3	5
audio/train/output/d3_0692-00.wav	footsteps	D3	5
audio/train/output/d3_0693-00.wav	footsteps	D3	5
audio/train/output/d3_0693-01.wav	footsteps	D3	5
audio/train/output/d3_0694-00.wav	footsteps	D3	5
audio/train/output/d3_0694-01.wav	footsteps	D3	5
audio/train/output/d3_0695-00.wav	footsteps	D3	5
audio/train/output/d3_0695-01.wav	footsteps	D3	5
audio/train/output/d3_0696-00.wav	footsteps	D3	5
audio/train/output/d3_0697-00.wav	footsteps	D3	5
audio/train/output/d3_0697-01.wav	footsteps	D3	5
audio/train/output/d3_0698-00.wav	footsteps	D3	5
audio/train/output/d3_0698-01.wav	footsteps	D3	5
audio/train/output/d3_0699-00.wav	footsteps	D3	5
audio/train/output/d3_0700-00.wav	footsteps	D3	5
audio/train/output/d3_0700-01.wav	footsteps	D3	5
audio/train/output/d3_0701-00.wav	footsteps	D3	5
audio/train/output/d3_0702-00.wav	footsteps	D3	5
audio/train/output/d3_0703-00.wav	footsteps	D3	5
audio/train/output/d3_0704-00.wav	footsteps	D3	5
audio/train/output/d3_0704-01.wav	footsteps	D3	5
audio/train/output/d3_0705-00.wav	footsteps	D3	5
audio/train/output/d3_0705-01.wav	footsteps	D3	5
audio/train/output/d3_0706-00.wav	footsteps	D3	5
audio/train/output/d3_0707-00.wav	footsteps	D3	5
audio/train/output/d3_0708-00.wav	footsteps	D3	5
audio/train/output/d3_0709-00.wav	footsteps	D3	5
audio/train/output/d3_0709-01.wav	footsteps	D3	5
audio/train/output/d3_0710-00.wav	footsteps	D3	5
audio/train/output/d3_0710-01.wav	footsteps	D3	5
audio/train/output/d3_0711-00.wav	footsteps	D3	5
audio/train/output/d3_0711-01.wav	footsteps	D3	5
audio/train/output/d3_0712-00.wav	footsteps	D3	5
audio/train/output/d3_0713-00.wav	footsteps	D3	5
audio/train/output/d3_0713-01.wav	footsteps	D3	5
audio/train/output/d3_0714-00.wav	footsteps	D3	5
audio/train/output/d3_0714-01.wav	footsteps	D3	5
audio/train/output/d3_0715-00.wav	footsteps	D3	5
audio/train/output/d3_0715-01.wav	footsteps	D3	5
audio/train/output/d3_0716-00.wav	footsteps	D3	5
audio/train/output/d3_0717-00.wav	footsteps	D3	5
audio/train/output/d3_0717-01.wav	footsteps	D3	5
audio/train/output/d3_0718-00.wav	footsteps	D3	5
audio/train/output/d3_0718-01.wav	footsteps	D3	5
audio/train/output/d3_0719-00.wav	footsteps	D3	5
audio/train/output/d3_0719-01.wav	footsteps	D3	5
audio/train/output/d3_0720-00.wav	footsteps	D3	5
audio/train/output/d3_0721-00.wav	footsteps	D3	5
audio/train/output/d3_0722-00.wav	footsteps	D3	5
audio/train/output/d3_0722-01.wav	footsteps	D3	5
audio/train/output/d3_0723-00.wav	footsteps	D3	5
audio/train/output/d3_0724-00.wav	footsteps	D3	5
audio/train/output/d3_0724-01.wav	footsteps	D3	5
audio/train/output/d3_0725-00.wav	footsteps	D3	5
audio/train/output/d3_0725-01.wav	footsteps	D3	5
audio/train/output/d3_0726-00.wav	footsteps	D3	5
audio/train/output/d3_0727-00.wav	footsteps	D3	5
audio/train/output/d3_0728-00.wav	footsteps	D3	5
audio/train/output/d3_0729-00.wav	footsteps	D3	5
audio/train/output/d3_0730-00.wav	footsteps	D3	5
audio/train/output/d3_0731-00.wav	footsteps	D3	5
audio/train/output/d3_0732-00.wav	footsteps	D3	5
audio/train/output/d3_0732-01.wav	footsteps	D3	5
audio/train/output/d3_0733-00.wav	footsteps	D3	5
audio/train/output/d3_0733-01.wav	footsteps	D3	5
audio/train/output/d3_0734-00.wav	footsteps	D3	5
audio/train/output/d3_0735-00.wav	footsteps	D3	5
audio/train/output/d3_0735-01.wav	footsteps	D3	5
audio/train/output/d3_0736-00.wav	footsteps	D3	5
audio/train/output/d3_0736-01.wav	footsteps	D3	5
audio/train/output/d3_0737-00.wav	footsteps	D3	5
audio/train/output/d3_0737-01.wav	footsteps	D3	5
audio/train/output/d3_0738-00.wav	footsteps	D3	5
audio/train/output/d3_0739-00.wav	footsteps	D3	5
audio/train/output/d3_0739-01.wav	footsteps	D3	5
audio/train/output/d3_0740-00.wav	footsteps	D3	5
audio/train/output/d3_0740-01.wav	footsteps	D3	5
audio/train/output/d3_0741-00.wav	footsteps	D3	5
audio/train/output/d3_0741-01.wav	footsteps	D3	5
audio/train/output/d3_0742-00.wav	footsteps	D3	5
audio/train/output/d3_0743-00.wav	footsteps	D3	5
audio/train/output/d3_0744-00.wav	footsteps	D3	5
audio/train/output/d3_0745-00.wav	footsteps	D3	5
audio/train/output/d3_0745-01.wav	footsteps	D3	5
audio/train/output/d3_0746-00.wav	footsteps	D3	5
audio/train/output/d3_0747-00.wav	footsteps	D3	5
audio/train/output/d3_0748-00.wav	footsteps	D3	5
audio/train/output/d3_0749-00.wav	footsteps	D3	5
audio/train/output/d3_0750-00.wav	footsteps	D3	5
audio/train/output/d3_0751-00.wav	footsteps	D3	5
audio/train/output/d3_0752-00.wav	footsteps	D3	5
audio/train/output/d3_0753-00.wav	footsteps	D3	5
audio/train/output/d3_0754-00.wav	footsteps	D3	5
audio/train/output/d3_0755-00.wav	footsteps	D3	5
audio/train/output/d3_0756-00.wav	footsteps	D3	5
audio/train/output/d3_0757-00.wav	footsteps	D3	5
audio/train/output/d3_0758-00.wav	footsteps	D3	5
audio/train/output/d3_0759-00.wav	footsteps	D3	5
audio/train/output/d3_0759-01.wav	footsteps	D3	5
audio/train/output/d3_0760-00.wav	footsteps	D3	5
audio/train/output/d3_0761-00.wav	footsteps	D3	5
audio/train/output/d3_0762-00.wav	footsteps	D3	5
audio/train/output/d3_0762-01.wav	footsteps	D3	5
audio/train/output/d3_0763-00.wav	footsteps	D3	5
audio/train/output/d3_0764-00.wav	footsteps	D3	5
audio/train/output/d3_0764-01.wav	footsteps	D3	5
audio/train/output/d3_0765-00.wav	footsteps	D3	5
audio/train/output/d3_0766-00.wav	footsteps	D3	5
audio/train/output/d3_0766-01.wav	footsteps	D3	5
audio/train/output/d3_0767-00.wav	footsteps	D3	5
audio/train/output/d3_0768-00.wav	footsteps	D3	5
audio/train/output/d3_0769-00.wav	footsteps	D3	5
audio/train/output/d3_0770-00.wav	footsteps	D3	5
audio/train/output/d3_0771-00.wav	footsteps	D3	5
audio/train/output/d3_0771-01.wav	footsteps	D3	5
audio/train/output/d3_0772-00.wav	footsteps	D3	5
audio/train/output/d3_0772-01.wav	footsteps	D3	5
audio/train/output/d3_0773-00.wav	footsteps	D3	5
audio/train/output/d3_0773-01.wav	footsteps	D3	5
audio/train/output/d3_0774-00.wav	footsteps	D3	5
audio/train/output/d3_0774-01.wav	footsteps	D3	5
audio/train/output/d3_0775-00.wav	footsteps	D3	5
audio/train/output/d3_0775-01.wav	footsteps	D3	5
audio/train/output/d3_0776-00.wav	footsteps	D3	5
audio/train/output/d3_0776-01.wav	footsteps	D3	5
audio/train/output/d3_0777-00.wav	footsteps	D3	5
audio/train/output/d3_0777-01.wav	footsteps	D3	5
audio/train/output/d3_0778-00.wav	footsteps	D3	5
audio/train/output/d3_0778-01.wav	footsteps	D3	5
audio/train/output/d3_0779-00.wav	footsteps	D3	5
audio/train/output/d3_0779-01.wav	footsteps	D3	5
audio/train/output/d3_0780-00.wav	footsteps	D3	5
audio/train/output/d3_0781-00.wav	footsteps	D3	5
audio/train/output/d3_0781-01.wav	footsteps	D3	5
audio/train/output/d3_0782-00.wav	footsteps	D3	5
audio/train/output/d3_0782-01.wav	footsteps	D3	5
audio/train/output/d3_0783-00.wav	footsteps	D3	5
audio/train/output/d3_0784-00.wav	footsteps	D3	5
audio/train/output/d3_0785-00.wav	footsteps	D3	5
audio/train/output/d3_0786-00.wav	footsteps	D3	5
audio/train/output/d3_0787-00.wav	footsteps	D3	5
audio/train/output/d3_0788-00.wav	footsteps	D3	5
audio/train/output/d3_0789-00.wav	footsteps	D3	5
audio/train/output/d3_0789-01.wav	footsteps	D3	5
audio/train/output/d3_0790-00.wav	footsteps	D3	5
audio/train/output/d3_0791-00.wav	footsteps	D3	5
audio/train/output/d3_0791-01.wav	footsteps	D3	5
audio/train/output/d3_0792-00.wav	footsteps	D3	5
audio/train/output/d3_0792-01.wav	footsteps	D3	5
audio/train/output/d3_0793-00.wav	footsteps	D3	5
audio/train/output/d3_0793-01.wav	footsteps	D3	5
audio/train/output/d3_0794-00.wav	footsteps	D3	5
audio/train/output/d3_0794-01.wav	footsteps	D3	5
audio/train/output/d3_0795-00.wav	footsteps	D3	5
audio/train/output/d3_0795-01.wav	footsteps	D3	5
audio/train/output/d3_0796-00.wav	footsteps	D3	5
audio/train/output/d3_0796-01.wav	footsteps	D3	5
audio/train/output/d3_0797-00.wav	footsteps	D3	5
audio/train/output/d3_0798-00.wav	footsteps	D3	5
audio/train/output/d3_0798-01.wav	footsteps	D3	5
audio/train/output/d3_0799-00.wav	footsteps	D3	5
audio/train/output/d3_0799-01.wav	footsteps	D3	5
audio/train/output/d3_0800-00.wav	footsteps	D3	5
audio/train/output/d3_0800-01.wav	footsteps	D3	5
audio/train/output/d3_0801-00.wav	footsteps	D3	5
audio/train/output/d3_0802-00.wav	footsteps	D3	5
audio/train/output/d3_0803-00.wav	footsteps	D3	5
audio/train/output/d3_0803-01.wav	footsteps	D3	5
audio/train/output/d3_0804-00.wav	footsteps	D3	5
audio/train/output/d3_0805-00.wav	footsteps	D3	5
audio/train/output/d3_0805-01.wav	footsteps	D3	5
audio/train/output/d3_0806-00.wav	footsteps	D3	5
audio/train/output/d3_0806-01.wav	footsteps	D3	5
audio/train/output/d3_0807-00.wav	footsteps	D3	5
audio/train/output/d3_0808-00.wav	footsteps	D3	5
audio/train/output/d3_0808-01.wav	footsteps	D3	5
audio/train/output/d3_0809-00.wav	footsteps	D3	5
audio/train/output/d3_0809-01.wav	footsteps	D3	5
audio/train/output/d3_0810-00.wav	footsteps	D3	5
audio/train/output/d3_0811-00.wav	footsteps	D3	5
audio/train/output/d3_0811-01.wav	footsteps	D3	5
audio/train/output/d3_0812-00.wav	footsteps	D3	5
audio/train/output/d3_0812-01.wav	footsteps	D3	5
audio/train/output/d3_0813-00.wav	footsteps	D3	5
audio/train/output/d3_0813-01.wav	footsteps	D3	5
audio/train/output/d3_0814-00.wav	footsteps	D3	5
audio/train/output/d3_0814-01.wav	footsteps	D3	5
audio/train/output/d3_0815-00.wav	footsteps	D3	5
audio/train/output/d3_0816-00.wav	footsteps	D3	5
audio/train/output/d3_0816-01.wav	footsteps	D3	5
audio/train/output/d3_0817-00.wav	footsteps	D3	5
audio/train/output/d3_0818-00.wav	footsteps	D3	5
audio/train/output/d3_0819-00.wav	footsteps	D3	5
audio/train/output/d3_0820-00.wav	footsteps	D3	5
audio/train/output/d3_0820-01.wav	footsteps	D3	5
audio/train/output/d3_0821-00.wav	footsteps	D3	5
audio/train/output/d3_0821-01.wav	footsteps	D3	5
audio/train/output/d3_0822-00.wav	footsteps	D3	5
audio/train/output/d3_0823-00.wav	footsteps	D3	5
audio/train/output/d3_0823-01.wav	footsteps	D3	5
audio/train/output/d3_0824-00.wav	footsteps	D3	5
audio/train/output/d3_0825-00.wav	footsteps	D3	5
audio/train/output/d3_0826-00.wav	footsteps	D3	5
audio/train/output/d3_0826-01.wav	footsteps	D3	5
audio/train/output/d3_0827-00.wav	footsteps	D3	5
audio/train/output/d3_0827-01.wav	footsteps	D3	5
audio/train/output/d3_0828-00.wav	footsteps	D3	5
audio/train/output/d3_0829-00.wav	footsteps	D3	5
audio/train/output/d3_0830-00.wav	footsteps	D3	5
audio/train/output/d3_0830-01.wav	footsteps	D3	5
audio/train/output/d3_0831-00.wav	footsteps	D3	5
audio/train/output/d3_0831-01.wav	footsteps	D3	5
audio/train/output/d3_0832-00.wav	footsteps	D3	5
audio/train/output/d3_0833-00.wav	footsteps	D3	5
audio/train/output/d3_0834-00.wav	footsteps	D3	5
audio/train/output/d3_0834-01.wav	footsteps	D3	5
audio/train/output/d3_0835-00.wav	footsteps	D3	5
audio/train/output/d3_0836-00.wav	footsteps	D3	5
audio/train/output/d3_0837-00.wav	footsteps	D3	5
audio/train/output/d3_0837-01.wav	footsteps	D3	5
audio/train/output/d3_0838-00.wav	footsteps	D3	5
audio/train/output/d3_0839-00.wav	footsteps	D3	5
audio/train/output/d3_0839-01.wav	footsteps	D3	5
audio/train/output/d3_0840-00.wav	footsteps	D3	5
audio/train/output/d3_0840-01.wav	footsteps	D3	5
audio/train/output/d3_0841-00.wav	footsteps	D3	5
audio/train/output/d3_0842-00.wav	footsteps	D3	5
audio/train/output/d3_0843-00.wav	footsteps	D3	5
audio/train/output/d3_0843-01.wav	footsteps	D3	5
audio/train/output/d3_0844-00.wav	footsteps	D3	5
audio/train/output/d3_0844-01.wav	footsteps	D3	5
audio/train/output/d3_0845-00.wav	footsteps	D3	5
audio/train/output/d3_0846-00.wav	footsteps	D3	5
audio/train/output/d3_0847-00.wav	footsteps	D3	5
audio/train/output/d3_0847-01.wav	footsteps	D3	5
audio/train/output/d3_0848-00.wav	footsteps	D3	5
audio/train/output/d3_0849-00.wav	footsteps	D3	5
audio/train/output/d3_0849-01.wav	footsteps	D3	5
audio/train/output/d3_0850-00.wav	footsteps	D3	5
audio/train/output/d3_0851-00.wav	footsteps	D3	5
audio/train/output/d3_0852-00.wav	footsteps	D3	5
audio/train/output/d3_0852-01.wav	footsteps	D3	5
audio/train/output/d3_0853-00.wav	footsteps	D3	5
audio/train/output/d3_0854-00.wav	footsteps	D3	5
audio/train/output/d3_0854-01.wav	footsteps	D3	5
audio/train/output/d3_0855-00.wav	footsteps	D3	5
audio/train/output/d3_0856-00.wav	footsteps	D3	5
audio/train/output/d3_0856-01.wav	footsteps	D3	5
audio/train/output/d3_0857-00.wav	footsteps	D3	5
audio/train/output/d3_0858-00.wav	footsteps	D3	5
audio/train/output/d3_0858-01.wav	footsteps	D3	5
audio/train/output/d3_0859-00.wav	footsteps	D3	5
audio/train/output/d3_0859-01.wav	footsteps	D3	5
audio/train/output/d3_0860-00.wav	footsteps	D3	5
audio/train/output/d3_0861-00.wav	footsteps	D3	5
audio/train/output/d3_0861-01.wav	footsteps	D3	5
audio/train/output/d3_0862-00.wav	footsteps	D3	5
audio/train/output/d3_0862-01.wav	footsteps	D3	5
audio/train/output/d3_0863-00.wav	footsteps	D3	5
audio/train/output/d3_0864-00.wav	footsteps	D3	5
audio/train/output/d3_0864-01.wav	footsteps	D3	5
audio/train/output/d3_0865-00.wav	footsteps	D3	5
audio/train/output/d3_0866-00.wav	footsteps	D3	5
audio/train/output/d3_0866-01.wav	footsteps	D3	5
audio/train/output/d3_0867-00.wav	footsteps	D3	5
audio/train/output/d3_0867-01.wav	footsteps	D3	5
audio/train/output/d3_0868-00.wav	footsteps	D3	5
audio/train/output/d3_0868-01.wav	footsteps	D3	5
audio/train/output/d3_0869-00.wav	footsteps	D3	5
audio/train/output/d3_0869-01.wav	footsteps	D3	5
audio/train/output/d3_0870-00.wav	footsteps	D3	5
audio/train/output/d3_0871-00.wav	footsteps	D3	5
audio/train/output/d3_0871-01.wav	footsteps	D3	5
audio/train/output/d3_0872-00.wav	footsteps	D3	5
audio/train/output/d3_0873-00.wav	footsteps	D3	5
audio/train/output/d3_0873-01.wav	footsteps	D3	5
audio/train/output/d3_0874-00.wav	footsteps	D3	5
audio/train/output/d3_0874-01.wav	footsteps	D3	5
audio/train/output/d3_0875-00.wav	footsteps	D3	5
audio/train/output/d3_0875-01.wav	footsteps	D3	5
audio/train/output/d3_0876-00.wav	footsteps	D3	5
audio/train/output/d3_0877-00.wav	footsteps	D3	5
audio/train/output/d3_0878-00.wav	footsteps	D3	5
audio/train/output/d3_0878-01.wav	footsteps	D3	5
audio/train/output/d3_0879-00.wav	footsteps	D3	5
audio/train/output/d3_0879-01.wav	footsteps	D3	5
audio/train/output/d3_0880-00.wav	footsteps	D3	5
audio/train/output/d3_0881-00.wav	footsteps	D3	5
audio/train/output/d3_0882-00.wav	footsteps	D3	5
audio/train/output/d3_0882-01.wav	footsteps	D3	5
audio/train/output/d3_0883-00.wav	footsteps	D3	5
audio/train/output/d3_0884-00.wav	footsteps	D3	5
audio/train/output/d3_0885-00.wav	footsteps	D3	5
audio/train/output/d3_0885-01.wav	footsteps	D3	5
audio/train/output/d3_0886-00.wav	footsteps	D3	5
audio/train/output/d3_0886-01.wav	footsteps	D3	5
audio/train/output/d3_0887-00.wav	footsteps	D3	5
audio/train/output/d3_0887-01.wav	footsteps	D3	5
audio/train/output/d3_0888-00.wav	footsteps	D3	5
audio/train/output/d3_0889-00.wav	footsteps	D3	5
audio/train/output/d3_0889-01.wav	footsteps	D3	5
audio/train/output/d3_0890-00.wav	footsteps	D3	5
audio/train/output/d3_0891-00.wav	footsteps	D3	5
audio/train/output/d3_0891-01.wav	footsteps	D3	5
audio/train/output/d3_0892-00.wav	footsteps	D3	5
audio/train/output/d3_0893-00.wav	footsteps	D3	5
audio/train/output/d3_0894-00.wav	footsteps	D3	5
audio/train/output/d3_0894-01.wav	footsteps	D3	5
audio/train/output/d3_0895-00.wav	footsteps	D3	5
audio/train/output/d3_0896-00.wav	footsteps	D3	5
audio/train/output/d3_0897-00.wav	footsteps	D3	5
audio/train/output/d3_0898-00.wav	footsteps	D3	5
audio/train/output/d3_0899-00.wav	footsteps	D3	5
audio/train/output/d3_0900-00.wav	footsteps	D3	5
audio/train/output/d3_0901-00.wav	footsteps	D3	5
audio/train/output/d3_0901-01.wav	footsteps	D3	5
audio/train/output/d3_0902-00.wav	footsteps	D3	5
audio/train/output/d3_0903-00.wav	footsteps	D3	5
audio/train/output/d3_0904-00.wav	footsteps	D3	5
audio/train/output/d3_0905-00.wav	footsteps	D3	5
audio/train/output/d3_0906-00.wav	footsteps	D3	5
audio/train/output/d3_0906-01.wav	footsteps	D3	5
audio/train/output/d3_0907-00.wav	footsteps	D3	5
audio/train/output/d3_0908-00.wav	footsteps	D3	5
audio/train/output/d3_0908-01.wav	footsteps	D3	5
audio/train/output/d3_0909-00.wav	footsteps	D3	5
audio/train/output/d3_0909-01.wav	footsteps	D3	5
audio/train/output/d3_0910-00.wav	footsteps	D3	5
audio/train/output/d3_0910-01.wav	footsteps	D3	5
audio/train/output/d3_0911-00.wav	footsteps	D3	5
audio/train/output/d3_0911-01.wav	footsteps	D3	5
audio/train/output/d3_0912-00.wav	footsteps	D3	5
audio/train/output/d3_0913-00.wav	footsteps	D3	5
audio/train/output/d3_0913-01.wav	footsteps	D3	5
audio/train/output/d3_0914-00.wav	footsteps	D3	5
audio/train/output/d3_0915-00.wav	footsteps	D3	5
audio/train/output/d3_0916-00.wav	footsteps	D3	5
audio/train/output/d3_0917-00.wav	footsteps	D3	5
audio/train/output/d3_0918-00.wav	footsteps	D3	5
audio/train/output/d3_0918-01.wav	footsteps	D3	5
audio/train/output/d3_0919-00.wav	footsteps	D3	5
audio/train/output/d3_0919-01.wav	footsteps	D3	5
audio/train/output/d3_0920-00.wav	footsteps	D3	5
audio/train/output/d3_0920-01.wav	footsteps	D3	5
audio/train/output/d3_0921-00.wav	footsteps	D3	5
audio/train/output/d3_0922-00.wav	footsteps	D3	5
audio/train/output/d3_0923-00.wav	footsteps	D3	5
audio/train/output/d3_0923-01.wav	footsteps	D3	5
audio/train/output/d3_0924-00.wav	footsteps	D3	5
audio/train/output/d3_0924-01.wav	footsteps	D3	5
audio/train/output/d3_0925-00.wav	footsteps	D3	5
audio/train/output/d3_0925-01.wav	footsteps	D3	5
audio/train/output/d3_0926-00.wav	footsteps	D3	5
audio/train/output/d3_0926-01.wav	footsteps	D3	5
audio/train/output/d3_0927-00.wav	footsteps	D3	5
audio/train/output/d3_0928-00.wav	footsteps	D3	5
audio/train/output/d3_0928-01.wav	footsteps	D3	5
audio/train/output/d3_0929-00.wav	footsteps	D3	5
audio/train/output/d3_0930-00.wav	footsteps	D3	5
audio/train/output/d3_0931-00.wav	footsteps	D3	5
audio/train/output/d3_0931-01.wav	footsteps	D3	5
audio/train/output/d3_0932-00.wav	footsteps	D3	5
audio/train/output/d3_0932-01.wav	footsteps	D3	5
audio/train/output/d3_0933-00.wav	footsteps	D3	5
audio/train/output/d3_0933-01.wav	footsteps	D3	5
audio/train/output/d3_0934-00.wav	footsteps	D3	5
audio/train/output/d3_0935-00.wav	footsteps	D3	5
audio/train/output/d3_0936-00.wav	footsteps	D3	5
audio/train/output/d3_0937-00.wav	footsteps	D3	5
audio/train/output/d3_0937-01.wav	footsteps	D3	5
audio/train/output/d3_0938-00.wav	footsteps	D3	5
audio/train/output/d3_0939-00.wav	footsteps	D3	5
audio/train/output/d3_0940-00.wav	footsteps	D3	5
audio/train/output/d3_0940-01.wav	footsteps	D3	5
audio/train/output/d3_0941-00.wav	footsteps	D3	5
audio/train/output/d3_0942-00.wav	footsteps	D3	5
audio/train/output/d3_0942-01.wav	footsteps	D3	5
audio/train/output/d3_0943-00.wav	footsteps	D3	5
audio/train/output/d3_0943-01.wav	footsteps	D3	5
audio/train/output/d3_0944-00.wav	footsteps	D3	5
audio/train/output/d3_0945-00.wav	footsteps	D3	5
audio/train/output/d3_0946-00.wav	footsteps	D3	5
audio/train/output/d3_0947-00.wav	phone	D3	7
audio/train/output/d3_0948-00.wav	phone	D3	7
audio/train/output/d3_0948-01.wav	phone	D3	7
audio/train/output/d3_0949-00.wav	phone	D3	7
audio/train/output/d3_0950-00.wav	phone	D3	7
audio/train/output/d3_0951-00.wav	phone	D3	7
audio/train/output/d3_0952-00.wav	phone	D3	7
audio/train/output/d3_0953-00.wav	phone	D3	7
audio/train/output/d3_0953-01.wav	phone	D3	7
audio/train/output/d3_0954-00.wav	phone	D3	7
audio/train/output/d3_0955-00.wav	phone	D3	7
audio/train/output/d3_0955-01.wav	phone	D3	7
audio/train/output/d3_0956-00.wav	phone	D3	7
audio/train/output/d3_0956-01.wav	phone	D3	7
audio/train/output/d3_0957-00.wav	phone	D3	7
audio/train/output/d3_0958-00.wav	phone	D3	7
audio/train/output/d3_0959-00.wav	phone	D3	7
audio/train/output/d3_0960-00.wav	phone	D3	7
audio/train/output/d3_0961-00.wav	phone	D3	7
audio/train/output/d3_0962-00.wav	phone	D3	7
audio/train/output/d3_0963-00.wav	phone	D3	7
audio/train/output/d3_0964-00.wav	phone	D3	7
audio/train/output/d3_0965-00.wav	phone	D3	7
audio/train/output/d3_0966-00.wav	phone	D3	7
audio/train/output/d3_0967-00.wav	phone	D3	7
audio/train/output/d3_0967-01.wav	phone	D3	7
audio/train/output/d3_0968-00.wav	phone	D3	7
audio/train/output/d3_0969-00.wav	phone	D3	7
audio/train/output/d3_0970-00.wav	phone	D3	7
audio/train/output/d3_0971-00.wav	phone	D3	7
audio/train/output/d3_0971-01.wav	phone	D3	7
audio/train/output/d3_0972-00.wav	phone	D3	7
audio/train/output/d3_0973-00.wav	phone	D3	7
audio/train/output/d3_0974-00.wav	phone	D3	7
audio/train/output/d3_0974-01.wav	phone	D3	7
audio/train/output/d3_0975-00.wav	phone	D3	7
audio/train/output/d3_0976-00.wav	phone	D3	7
audio/train/output/d3_0977-00.wav	phone	D3	7
audio/train/output/d3_0978-00.wav	phone	D3	7
audio/train/output/d3_0978-01.wav	phone	D3	7
audio/train/output/d3_0979-00.wav	phone	D3	7
audio/train/output/d3_0979-01.wav	phone	D3	7
audio/train/output/d3_0980-00.wav	phone	D3	7
audio/train/output/d3_0980-01.wav	phone	D3	7
audio/train/output/d3_0981-00.wav	phone	D3	7
audio/train/output/d3_0981-01.wav	phone	D3	7
audio/train/output/d3_0982-00.wav	phone	D3	7
audio/train/output/d3_0982-01.wav	phone	D3	7
audio/train/output/d3_0983-00.wav	phone	D3	7
audio/train/output/d3_0983-01.wav	phone	D3	7
audio/train/output/d3_0984-00.wav	phone	D3	7
audio/train/output/d3_0984-01.wav	phone	D3	7
audio/train/output/d3_0985-00.wav	phone	D3	7
audio/train/output/d3_0985-01.wav	phone	D3	7
audio/train/output/d3_0986-00.wav	phone	D3	7
audio/train/output/d3_0987-00.wav	phone	D3	7
audio/train/output/d3_0988-00.wav	phone	D3	7
audio/train/output/d3_0988-01.wav	phone	D3	7
audio/train/output/d3_0989-00.wav	phone	D3	7
audio/train/output/d3_0990-00.wav	phone	D3	7
audio/train/output/d3_0990-01.wav	phone	D3	7
audio/train/output/d3_0991-00.wav	phone	D3	7
audio/train/output/d3_0991-01.wav	phone	D3	7
audio/train/output/d3_0992-00.wav	phone	D3	7
audio/train/output/d3_0993-00.wav	phone	D3	7
audio/train/output/d3_0994-00.wav	phone	D3	7
audio/train/output/d3_0994-01.wav	phone	D3	7
audio/train/output/d3_0995-00.wav	phone	D3	7
audio/train/output/d3_0996-00.wav	phone	D3	7
audio/train/output/d3_0996-01.wav	phone	D3	7
audio/train/output/d3_0997-00.wav	phone	D3	7
audio/train/output/d3_0997-01.wav	phone	D3	7
audio/train/output/d3_0998-00.wav	phone	D3	7
audio/train/output/d3_0998-01.wav	phone	D3	7
audio/train/output/d3_0999-00.wav	phone	D3	7
audio/train/output/d3_0999-01.wav	phone	D3	7
audio/train/output/d3_1000-00.wav	phone	D3	7
audio/train/output/d3_1001-00.wav	phone	D3	7
audio/train/output/d3_1001-01.wav	phone	D3	7
audio/train/output/d3_1002-00.wav	phone	D3	7
audio/train/output/d3_1002-01.wav	phone	D3	7
audio/train/output/d3_1003-00.wav	phone	D3	7
audio/train/output/d3_1003-01.wav	phone	D3	7
audio/train/output/d3_1004-00.wav	phone	D3	7
audio/train/output/d3_1004-01.wav	phone	D3	7
audio/train/output/d3_1005-00.wav	phone	D3	7
audio/train/output/d3_1005-01.wav	phone	D3	7
audio/train/output/d3_1006-00.wav	phone	D3	7
audio/train/output/d3_1007-00.wav	phone	D3	7
audio/train/output/d3_1008-00.wav	phone	D3	7
audio/train/output/d3_1009-00.wav	phone	D3	7
audio/train/output/d3_1010-00.wav	phone	D3	7
audio/train/output/d3_1010-01.wav	phone	D3	7
audio/train/output/d3_1011-00.wav	phone	D3	7
audio/train/output/d3_1012-00.wav	phone	D3	7
audio/train/output/d3_1013-00.wav	phone	D3	7
audio/train/output/d3_1013-01.wav	phone	D3	7
audio/train/output/d3_1014-00.wav	phone	D3	7
audio/train/output/d3_1015-00.wav	phone	D3	7
audio/train/output/d3_1016-00.wav	phone	D3	7
audio/train/output/d3_1017-00.wav	phone	D3	7
audio/train/output/d3_1018-00.wav	phone	D3	7
audio/train/output/d3_1018-01.wav	phone	D3	7
audio/train/output/d3_1019-00.wav	alarm	D3	0
audio/train/output/d3_1020-00.wav	alarm	D3	0
audio/train/output/d3_1020-01.wav	alarm	D3	0
audio/train/output/d3_1021-00.wav	alarm	D3	0
audio/train/output/d3_1021-01.wav	alarm	D3	0
audio/train/output/d3_1022-00.wav	alarm	D3	0
audio/train/output/d3_1022-01.wav	alarm	D3	0
audio/train/output/d3_1023-00.wav	alarm	D3	0
audio/train/output/d3_1023-01.wav	alarm	D3	0
audio/train/output/d3_1024-00.wav	alarm	D3	0
audio/train/output/d3_1024-01.wav	alarm	D3	0
audio/train/output/d3_1025-00.wav	alarm	D3	0
audio/train/output/d3_1026-00.wav	alarm	D3	0
audio/train/output/d3_1026-01.wav	alarm	D3	0
audio/train/output/d3_1027-00.wav	alarm	D3	0
audio/train/output/d3_1027-01.wav	alarm	D3	0
audio/train/output/d3_1028-00.wav	alarm	D3	0
audio/train/output/d3_1029-00.wav	alarm	D3	0
audio/train/output/d3_1030-00.wav	alarm	D3	0
audio/train/output/d3_1031-00.wav	alarm	D3	0
audio/train/output/d3_1031-01.wav	alarm	D3	0
audio/train/output/d3_1032-00.wav	alarm	D3	0
audio/train/output/d3_1032-01.wav	alarm	D3	0
audio/train/output/d3_1033-00.wav	alarm	D3	0
audio/train/output/d3_1033-01.wav	alarm	D3	0
audio/train/output/d3_1034-00.wav	alarm	D3	0
audio/train/output/d3_1035-00.wav	alarm	D3	0
audio/train/output/d3_1035-01.wav	alarm	D3	0
audio/train/output/d3_1036-00.wav	alarm	D3	0
audio/train/output/d3_1037-00.wav	alarm	D3	0
audio/train/output/d3_1038-00.wav	alarm	D3	0
audio/train/output/d3_1039-00.wav	alarm	D3	0
audio/train/output/d3_1040-00.wav	alarm	D3	0
audio/train/output/d3_1040-01.wav	alarm	D3	0
audio/train/output/d3_1041-00.wav	alarm	D3	0
audio/train/output/d3_1042-00.wav	alarm	D3	0
audio/train/output/d3_1043-00.wav	alarm	D3	0
audio/train/output/d3_1044-00.wav	alarm	D3	0
audio/train/output/d3_1045-00.wav	alarm	D3	0
audio/train/output/d3_1045-01.wav	alarm	D3	0
audio/train/output/d3_1046-00.wav	alarm	D3	0
audio/train/output/d3_1047-00.wav	alarm	D3	0
audio/train/output/d3_1047-01.wav	alarm	D3	0
audio/train/output/d3_1048-00.wav	alarm	D3	0
audio/train/output/d3_1048-01.wav	alarm	D3	0
audio/train/output/d3_1049-00.wav	alarm	D3	0
audio/train/output/d3_1049-01.wav	alarm	D3	0
audio/train/output/d3_1050-00.wav	alarm	D3	0
audio/train/output/d3_1051-00.wav	alarm	D3	0
audio/train/output/d3_1051-01.wav	alarm	D3	0
audio/train/output/d3_1052-00.wav	alarm	D3	0
audio/train/output/d3_1052-01.wav	alarm	D3	0
audio/train/output/d3_1053-00.wav	alarm	D3	0
audio/train/output/d3_1053-01.wav	alarm	D3	0
audio/train/output/d3_1054-00.wav	alarm	D3	0
audio/train/output/d3_1054-01.wav	alarm	D3	0
audio/train/output/d3_1055-00.wav	alarm	D3	0
audio/train/output/d3_1055-01.wav	alarm	D3	0
audio/train/output/d3_1056-00.wav	alarm	D3	0
audio/train/output/d3_1056-01.wav	alarm	D3	0
audio/train/output/d3_1057-00.wav	alarm	D3	0
audio/train/output/d3_1057-01.wav	alarm	D3	0
audio/train/output/d3_1058-00.wav	alarm	D3	0
audio/train/output/d3_1059-00.wav	alarm	D3	0
audio/train/output/d3_1059-01.wav	alarm	D3	0
audio/train/output/d3_1060-00.wav	alarm	D3	0
audio/train/output/d3_1061-00.wav	alarm	D3	0
audio/train/output/d3_1062-00.wav	alarm	D3	0
audio/train/output/d3_1062-01.wav	alarm	D3	0
audio/train/output/d3_1063-00.wav	alarm	D3	0
audio/train/output/d3_1063-01.wav	alarm	D3	0
audio/train/output/d3_1064-00.wav	alarm	D3	0
audio/train/output/d3_1064-01.wav	alarm	D3	0
audio/train/output/d3_1065-00.wav	alarm	D3	0
audio/train/output/d3_1065-01.wav	alarm	D3	0
audio/train/output/d3_1066-00.wav	alarm	D3	0
audio/train/output/d3_1067-00.wav	alarm	D3	0
audio/train/output/d3_1067-01.wav	alarm	D3	0
audio/train/output/d3_1068-00.wav	alarm	D3	0
audio/train/output/d3_1069-00.wav	alarm	D3	0
audio/train/output/d3_1070-00.wav	alarm	D3	0
audio/train/output/d3_1071-00.wav	alarm	D3	0
audio/train/output/d3_1071-01.wav	alarm	D3	0
audio/train/output/d3_1072-00.wav	alarm	D3	0
audio/train/output/d3_1073-00.wav	alarm	D3	0
audio/train/output/d3_1073-01.wav	alarm	D3	0
audio/train/output/d3_1074-00.wav	alarm	D3	0
audio/train/output/d3_1074-01.wav	alarm	D3	0
audio/train/output/d3_1075-00.wav	alarm	D3	0
audio/train/output/d3_1076-00.wav	alarm	D3	0
audio/train/output/d3_1076-01.wav	alarm	D3	0
audio/train/output/d3_1077-00.wav	alarm	D3	0
audio/train/output/d3_1077-01.wav	alarm	D3	0
audio/train/output/d3_1078-00.wav	alarm	D3	0
audio/train/output/d3_1079-00.wav	alarm	D3	0
audio/train/output/d3_1080-00.wav	alarm	D3	0
audio/train/output/d3_1081-00.wav	alarm	D3	0
audio/train/output/d3_1081-01.wav	alarm	D3	0
audio/train/output/d3_1082-00.wav	alarm	D3	0
audio/train/output/d3_1082-01.wav	alarm	D3	0
audio/train/output/d3_1083-00.wav	alarm	D3	0
audio/train/output/d3_1083-01.wav	alarm	D3	0
audio/train/output/d3_1084-00.wav	alarm	D3	0
audio/train/output/d3_1085-00.wav	alarm	D3	0
audio/train/output/d3_1085-01.wav	alarm	D3	0
audio/train/output/d3_1086-00.wav	alarm	D3	0
audio/train/output/d3_1087-00.wav	alarm	D3	0
audio/train/output/d3_1088-00.wav	alarm	D3	0
audio/train/output/d3_1089-00.wav	alarm	D3	0
audio/train/output/d3_1090-00.wav	alarm	D3	0
audio/train/output/d3_1091-00.wav	alarm	D3	0
audio/train/output/d3_1092-00.wav	alarm	D3	0
audio/train/output/d3_1093-00.wav	alarm	D3	0
audio/train/output/d3_1094-00.wav	alarm	D3	0
audio/train/output/d3_1094-01.wav	alarm	D3	0
audio/train/output/d3_1095-00.wav	alarm	D3	0
audio/train/output/d3_1095-01.wav	alarm	D3	0
audio/train/output/d3_1096-00.wav	alarm	D3	0
audio/train/output/d3_1097-00.wav	alarm	D3	0
audio/train/output/d3_1098-00.wav	alarm	D3	0
audio/train/output/d3_1098-01.wav	alarm	D3	0
audio/train/output/d3_1099-00.wav	alarm	D3	0
audio/train/output/d3_1099-01.wav	alarm	D3	0
audio/train/output/d3_1100-00.wav	alarm	D3	0
audio/train/output/d3_1100-01.wav	alarm	D3	0
audio/train/output/d3_1101-00.wav	alarm	D3	0
audio/train/output/d3_1101-01.wav	alarm	D3	0
audio/train/output/d3_1102-00.wav	alarm	D3	0
audio/train/output/d3_1102-01.wav	alarm	D3	0
audio/train/output/d3_1103-00.wav	alarm	D3	0
audio/train/output/d3_1104-00.wav	alarm	D3	0
audio/train/output/d3_1105-00.wav	alarm	D3	0
audio/train/output/d3_1105-01.wav	alarm	D3	0
audio/train/output/d3_1106-00.wav	alarm	D3	0
audio/train/output/d3_1106-01.wav	alarm	D3	0
audio/train/output/d3_1107-00.wav	alarm	D3	0
audio/train/output/d3_1107-01.wav	alarm	D3	0
audio/train/output/d3_1108-00.wav	alarm	D3	0
audio/train/output/d3_1109-00.wav	alarm	D3	0
audio/train/output/d3_1110-00.wav	alarm	D3	0
audio/train/output/d3_1111-00.wav	alarm	D3	0
audio/train/output/d3_1112-00.wav	alarm	D3	0
audio/train/output/d3_1112-01.wav	alarm	D3	0
audio/train/output/d3_1113-00.wav	alarm	D3	0
audio/train/output/d3_1113-01.wav	alarm	D3	0
audio/train/output/d3_1114-00.wav	alarm	D3	0
audio/train/output/d3_1114-01.wav	alarm	D3	0
audio/train/output/d3_1115-00.wav	alarm	D3	0
audio/train/output/d3_1116-00.wav	alarm	D3	0
audio/train/output/d3_1116-01.wav	alarm	D3	0
audio/train/output/d3_1117-00.wav	alarm	D3	0
audio/train/output/d3_1118-00.wav	alarm	D3	0
audio/train/output/d3_1119-00.wav	alarm	D3	0
audio/train/output/d3_1119-01.wav	alarm	D3	0
audio/train/output/d3_1120-00.wav	alarm	D3	0
audio/train/output/d3_1120-01.wav	alarm	D3	0
audio/train/output/d3_1121-00.wav	alarm	D3	0
audio/train/output/d3_1121-01.wav	alarm	D3	0
audio/train/output/d3_1122-00.wav	alarm	D3	0
audio/train/output/d3_1123-00.wav	alarm	D3	0
audio/train/output/d3_1123-01.wav	alarm	D3	0
audio/train/output/d3_1124-00.wav	alarm	D3	0
audio/train/output/d3_1125-00.wav	alarm	D3	0
audio/train/output/d3_1125-01.wav	alarm	D3	0
audio/train/output/d3_1126-00.wav	alarm	D3	0
audio/train/output/d3_1127-00.wav	alarm	D3	0
audio/train/output/d3_1128-00.wav	alarm	D3	0
audio/train/output/d3_1128-01.wav	alarm	D3	0
audio/train/output/d3_1129-00.wav	alarm	D3	0
audio/train/output/d3_1129-01.wav	alarm	D3	0
audio/train/output/d3_1130-00.wav	alarm	D3	0
audio/train/output/d3_1130-01.wav	alarm	D3	0
audio/train/output/d3_1131-00.wav	alarm	D3	0
audio/train/output/d3_1131-01.wav	alarm	D3	0
audio/train/output/d3_1132-00.wav	alarm	D3	0
audio/train/output/d3_1133-00.wav	alarm	D3	0
audio/train/output/d3_1134-00.wav	alarm	D3	0
audio/train/output/d3_1135-00.wav	alarm	D3	0
audio/train/output/d3_1136-00.wav	alarm	D3	0
audio/train/output/d3_1136-01.wav	alarm	D3	0
audio/train/output/d3_1137-00.wav	alarm	D3	0
audio/train/output/d3_1137-01.wav	alarm	D3	0
audio/train/output/d3_1138-00.wav	alarm	D3	0
audio/train/output/d3_1139-00.wav	alarm	D3	0
audio/train/output/d3_1140-00.wav	alarm	D3	0
audio/train/output/d3_1140-01.wav	alarm	D3	0
audio/train/output/d3_1141-00.wav	alarm	D3	0
audio/train/output/d3_1142-00.wav	alarm	D3	0
audio/train/output/d3_1143-00.wav	alarm	D3	0
audio/train/output/d3_1143-01.wav	alarm	D3	0
audio/train/output/d3_1144-00.wav	alarm	D3	0
audio/train/output/d3_1144-01.wav	alarm	D3	0
audio/train/output/d3_1145-00.wav	alarm	D3	0
audio/train/output/d3_1145-01.wav	alarm	D3	0
audio/train/output/d3_1146-00.wav	alarm	D3	0
audio/train/output/d3_1146-01.wav	alarm	D3	0
audio/train/output/d3_1147-00.wav	alarm	D3	0
audio/train/output/d3_1147-01.wav	alarm	D3	0
audio/train/output/d3_1148-00.wav	alarm	D3	0
audio/train/output/d3_1149-00.wav	alarm	D3	0
audio/train/output/d3_1149-01.wav	alarm	D3	0
audio/train/output/d3_1150-00.wav	alarm	D3	0
audio/train/output/d3_1150-01.wav	alarm	D3	0
audio/train/output/d3_1151-00.wav	alarm	D3	0
audio/train/output/d3_1151-01.wav	alarm	D3	0
audio/train/output/d3_1152-00.wav	alarm	D3	0
audio/train/output/d3_1153-00.wav	alarm	D3	0
audio/train/output/d3_1153-01.wav	alarm	D3	0
audio/train/output/d3_1154-00.wav	alarm	D3	0
audio/train/output/d3_1154-01.wav	alarm	D3	0
audio/train/output/d3_1155-00.wav	alarm	D3	0
audio/train/output/d3_1155-01.wav	alarm	D3	0
audio/train/output/d3_1156-00.wav	alarm	D3	0
audio/train/output/d3_1156-01.wav	alarm	D3	0
audio/train/output/d3_1157-00.wav	alarm	D3	0
audio/train/output/d3_1158-00.wav	alarm	D3	0
audio/train/output/d3_1158-01.wav	alarm	D3	0
audio/train/output/d3_1159-00.wav	alarm	D3	0
audio/train/output/d3_1159-01.wav	alarm	D3	0
audio/train/output/d3_1160-00.wav	alarm	D3	0
audio/train/output/d3_1161-00.wav	alarm	D3	0
audio/train/output/d3_1162-00.wav	alarm	D3	0
audio/train/output/d3_1163-00.wav	alarm	D3	0
audio/train/output/d3_1163-01.wav	alarm	D3	0
audio/train/output/d3_1164-00.wav	speech	D3	9
audio/train/output/d3_1164-01.wav	speech	D3	9
audio/train/output/d3_1165-00.wav	speech	D3	9
audio/train/output/d3_1166-00.wav	speech	D3	9
audio/train/output/d3_1166-01.wav	speech	D3	9
audio/train/output/d3_1167-00.wav	speech	D3	9
audio/train/output/d3_1167-01.wav	speech	D3	9
audio/train/output/d3_1168-00.wav	speech	D3	9
audio/train/output/d3_1169-00.wav	speech	D3	9
audio/train/output/d3_1170-00.wav	speech	D3	9
audio/train/output/d3_1170-01.wav	speech	D3	9
audio/train/output/d3_1171-00.wav	speech	D3	9
audio/train/output/d3_1171-01.wav	speech	D3	9
audio/train/output/d3_1172-00.wav	speech	D3	9
audio/train/output/d3_1172-01.wav	speech	D3	9
audio/train/output/d3_1173-00.wav	speech	D3	9
audio/train/output/d3_1173-01.wav	speech	D3	9
audio/train/output/d3_1174-00.wav	speech	D3	9
audio/train/output/d3_1174-01.wav	speech	D3	9
audio/train/output/d3_1175-00.wav	speech	D3	9
audio/train/output/d3_1176-00.wav	speech	D3	9
audio/train/output/d3_1176-01.wav	speech	D3	9
audio/train/output/d3_1177-00.wav	speech	D3	9
audio/train/output/d3_1177-01.wav	speech	D3	9
audio/train/output/d3_1178-00.wav	speech	D3	9
audio/train/output/d3_1178-01.wav	speech	D3	9
audio/train/output/d3_1179-00.wav	speech	D3	9
audio/train/output/d3_1179-01.wav	speech	D3	9
audio/train/output/d3_1180-00.wav	speech	D3	9
audio/train/output/d3_1180-01.wav	speech	D3	9
audio/train/output/d3_1181-00.wav	speech	D3	9
audio/train/output/d3_1182-00.wav	speech	D3	9
audio/train/output/d3_1183-00.wav	speech	D3	9
audio/train/output/d3_1184-00.wav	speech	D3	9
audio/train/output/d3_1185-00.wav	speech	D3	9
audio/train/output/d3_1186-00.wav	speech	D3	9
audio/train/output/d3_1187-00.wav	speech	D3	9
audio/train/output/d3_1187-01.wav	speech	D3	9
audio/train/output/d3_1188-00.wav	speech	D3	9
audio/train/output/d3_1188-01.wav	speech	D3	9
audio/train/output/d3_1189-00.wav	speech	D3	9
audio/train/output/d3_1189-01.wav	speech	D3	9
audio/train/output/d3_1190-00.wav	speech	D3	9
audio/train/output/d3_1191-00.wav	speech	D3	9
audio/train/output/d3_1192-00.wav	speech	D3	9
audio/train/output/d3_1193-00.wav	speech	D3	9
audio/train/output/d3_1193-01.wav	speech	D3	9
audio/train/output/d3_1194-00.wav	speech	D3	9
audio/train/output/d3_1195-00.wav	speech	D3	9
audio/train/output/d3_1196-00.wav	speech	D3	9
audio/train/output/d3_1196-01.wav	speech	D3	9
audio/train/output/d3_1197-00.wav	speech	D3	9
audio/train/output/d3_1198-00.wav	speech	D3	9
audio/train/output/d3_1199-00.wav	speech	D3	9
audio/train/output/d3_1200-00.wav	speech	D3	9
audio/train/output/d3_1201-00.wav	speech	D3	9
audio/train/output/d3_1201-01.wav	speech	D3	9
audio/train/output/d3_1202-00.wav	speech	D3	9
audio/train/output/d3_1203-00.wav	speech	D3	9
audio/train/output/d3_1203-01.wav	speech	D3	9
audio/train/output/d3_1204-00.wav	speech	D3	9
audio/train/output/d3_1204-01.wav	speech	D3	9
audio/train/output/d3_1205-00.wav	speech	D3	9
audio/train/output/d3_1205-01.wav	speech	D3	9
audio/train/output/d3_1206-00.wav	speech	D3	9
audio/train/output/d3_1207-00.wav	speech	D3	9
audio/train/output/d3_1208-00.wav	speech	D3	9
audio/train/output/d3_1208-01.wav	speech	D3	9
audio/train/output/d3_1209-00.wav	speech	D3	9
audio/train/output/d3_1210-00.wav	speech	D3	9
audio/train/output/d3_1211-00.wav	speech	D3	9
audio/train/output/d3_1211-01.wav	speech	D3	9
audio/train/output/d3_1212-00.wav	speech	D3	9
audio/train/output/d3_1213-00.wav	speech	D3	9
audio/train/output/d3_1214-00.wav	speech	D3	9
audio/train/output/d3_1215-00.wav	speech	D3	9
audio/train/output/d3_1215-01.wav	speech	D3	9
audio/train/output/d3_1216-00.wav	speech	D3	9
audio/train/output/d3_1217-00.wav	speech	D3	9
audio/train/output/d3_1217-01.wav	speech	D3	9
audio/train/output/d3_1218-00.wav	speech	D3	9
audio/train/output/d3_1218-01.wav	speech	D3	9
audio/train/output/d3_1219-00.wav	speech	D3	9
audio/train/output/d3_1219-01.wav	speech	D3	9
audio/train/output/d3_1220-00.wav	speech	D3	9
audio/train/output/d3_1220-01.wav	speech	D3	9
audio/train/output/d3_1221-00.wav	speech	D3	9
audio/train/output/d3_1221-01.wav	speech	D3	9
audio/train/output/d3_1222-00.wav	speech	D3	9
audio/train/output/d3_1223-00.wav	speech	D3	9
audio/train/output/d3_1224-00.wav	speech	D3	9
audio/train/output/d3_1224-01.wav	speech	D3	9
audio/train/output/d3_1225-00.wav	speech	D3	9
audio/train/output/d3_1225-01.wav	speech	D3	9
audio/train/output/d3_1226-00.wav	speech	D3	9
audio/train/output/d3_1227-00.wav	speech	D3	9
audio/train/output/d3_1228-00.wav	speech	D3	9
audio/train/output/d3_1228-01.wav	speech	D3	9
audio/train/output/d3_1229-00.wav	speech	D3	9
audio/train/output/d3_1230-00.wav	speech	D3	9
audio/train/output/d3_1231-00.wav	speech	D3	9
audio/train/output/d3_1232-00.wav	speech	D3	9
audio/train/output/d3_1232-01.wav	speech	D3	9
audio/train/output/d3_1233-00.wav	speech	D3	9
audio/train/output/d3_1233-01.wav	speech	D3	9
audio/train/output/d3_1234-00.wav	speech	D3	9
audio/train/output/d3_1235-00.wav	speech	D3	9
audio/train/output/d3_1235-01.wav	speech	D3	9
audio/train/output/d3_1236-00.wav	speech	D3	9
audio/train/output/d3_1237-00.wav	speech	D3	9
audio/train/output/d3_1238-00.wav	speech	D3	9
audio/train/output/d3_1238-01.wav	speech	D3	9
audio/train/output/d3_1239-00.wav	speech	D3	9
audio/train/output/d3_1239-01.wav	speech	D3	9
audio/train/output/d3_1240-00.wav	speech	D3	9
audio/train/output/d3_1240-01.wav	speech	D3	9
audio/train/output/d3_1241-00.wav	speech	D3	9
audio/train/output/d3_1241-01.wav	speech	D3	9
audio/train/output/d3_1242-00.wav	speech	D3	9
audio/train/output/d3_1242-01.wav	speech	D3	9
audio/train/output/d3_1243-00.wav	speech	D3	9
audio/train/output/d3_1244-00.wav	speech	D3	9
audio/train/output/d3_1245-00.wav	speech	D3	9
audio/train/output/d3_1246-00.wav	speech	D3	9
audio/train/output/d3_1247-00.wav	speech	D3	9
audio/train/output/d3_1247-01.wav	speech	D3	9
audio/train/output/d3_1248-00.wav	speech	D3	9
audio/train/output/d3_1249-00.wav	speech	D3	9
audio/train/output/d3_1249-01.wav	speech	D3	9
audio/train/output/d3_1250-00.wav	speech	D3	9
audio/train/output/d3_1251-00.wav	speech	D3	9
audio/train/output/d3_1252-00.wav	speech	D3	9
audio/train/output/d3_1253-00.wav	speech	D3	9
audio/train/output/d3_1254-00.wav	speech	D3	9
audio/train/output/d3_1255-00.wav	speech	D3	9
audio/train/output/d3_1256-00.wav	speech	D3	9
audio/train/output/d3_1257-00.wav	speech	D3	9
audio/train/output/d3_1257-01.wav	speech	D3	9
audio/train/output/d3_1258-00.wav	speech	D3	9
audio/train/output/d3_1259-00.wav	speech	D3	9
audio/train/output/d3_1259-01.wav	speech	D3	9
audio/train/output/d3_1260-00.wav	speech	D3	9
audio/train/output/d3_1260-01.wav	speech	D3	9
audio/train/output/d3_1261-00.wav	speech	D3	9
audio/train/output/d3_1262-00.wav	speech	D3	9
audio/train/output/d3_1262-01.wav	speech	D3	9
audio/train/output/d3_1263-00.wav	speech	D3	9
audio/train/output/d3_1264-00.wav	speech	D3	9
audio/train/output/d3_1265-00.wav	speech	D3	9
audio/train/output/d3_1266-00.wav	speech	D3	9
audio/train/output/d3_1267-00.wav	speech	D3	9
audio/train/output/d3_1267-01.wav	speech	D3	9
audio/train/output/d3_1268-00.wav	speech	D3	9
audio/train/output/d3_1269-00.wav	speech	D3	9
audio/train/output/d3_1270-00.wav	speech	D3	9
audio/train/output/d3_1270-01.wav	speech	D3	9
audio/train/output/d3_1271-00.wav	speech	D3	9
audio/train/output/d3_1272-00.wav	speech	D3	9
audio/train/output/d3_1273-00.wav	speech	D3	9
audio/train/output/d3_1273-01.wav	speech	D3	9
audio/train/output/d3_1274-00.wav	speech	D3	9
audio/train/output/d3_1275-00.wav	speech	D3	9
audio/train/output/d3_1276-00.wav	speech	D3	9
audio/train/output/d3_1276-01.wav	speech	D3	9
audio/train/output/d3_1277-00.wav	speech	D3	9
audio/train/output/d3_1277-01.wav	speech	D3	9
audio/train/output/d3_1278-00.wav	speech	D3	9
audio/train/output/d3_1278-01.wav	speech	D3	9
audio/train/output/d3_1279-00.wav	speech	D3	9
audio/train/output/d3_1280-00.wav	speech	D3	9
audio/train/output/d3_1280-01.wav	speech	D3	9
audio/train/output/d3_1281-00.wav	speech	D3	9
audio/train/output/d3_1282-00.wav	speech	D3	9
audio/train/output/d3_1283-00.wav	speech	D3	9
audio/train/output/d3_1284-00.wav	speech	D3	9
audio/train/output/d3_1285-00.wav	speech	D3	9
audio/train/output/d3_1286-00.wav	speech	D3	9
audio/train/output/d3_1286-01.wav	speech	D3	9
audio/train/output/d3_1287-00.wav	speech	D3	9
audio/train/output/d3_1287-01.wav	speech	D3	9
audio/train/output/d3_1288-00.wav	speech	D3	9
audio/train/output/d3_1289-00.wav	speech	D3	9
audio/train/output/d3_1290-00.wav	speech	D3	9
audio/train/output/d3_1291-00.wav	speech	D3	9
audio/train/output/d3_1292-00.wav	speech	D3	9
audio/train/output/d3_1292-01.wav	speech	D3	9
audio/train/output/d3_1293-00.wav	speech	D3	9
audio/train/output/d3_1293-01.wav	speech	D3	9
audio/train/output/d3_1294-00.wav	speech	D3	9
audio/train/output/d3_1294-01.wav	speech	D3	9
audio/train/output/d3_1295-00.wav	speech	D3	9
audio/train/output/d3_1295-01.wav	speech	D3	9
audio/train/output/d3_1296-00.wav	speech	D3	9
audio/train/output/d3_1297-00.wav	speech	D3	9
audio/train/output/d3_1298-00.wav	speech	D3	9
audio/train/output/d3_1299-00.wav	speech	D3	9
audio/train/output/d3_1299-01.wav	speech	D3	9
audio/train/output/d3_1300-00.wav	speech	D3	9
audio/train/output/d3_1301-00.wav	speech	D3	9
audio/train/output/d3_1302-00.wav	speech	D3	9
audio/train/output/d3_1303-00.wav	speech	D3	9
audio/train/output/d3_1304-00.wav	speech	D3	9
audio/train/output/d3_1305-00.wav	speech	D3	9
audio/train/output/d3_1305-01.wav	speech	D3	9
audio/train/output/d3_1306-00.wav	speech	D3	9
audio/train/output/d3_1307-00.wav	speech	D3	9
audio/train/output/d3_1307-01.wav	speech	D3	9
audio/train/output/d3_1308-00.wav	speech	D3	9
audio/train/output/d3_1308-01.wav	speech	D3	9
audio/train/output/d3_1309-00.wav	speech	D3	9
audio/train/output/d3_1309-01.wav	speech	D3	9
audio/train/output/d3_1310-00.wav	speech	D3	9
audio/train/output/d3_1311-00.wav	speech	D3	9
audio/train/output/d3_1312-00.wav	speech	D3	9
audio/train/output/d3_1313-00.wav	speech	D3	9
audio/train/output/d3_1313-01.wav	speech	D3	9
audio/train/output/d3_1314-00.wav	speech	D3	9
audio/train/output/d3_1315-00.wav	speech	D3	9
audio/train/output/d3_1315-01.wav	speech	D3	9
audio/train/output/d3_1316-00.wav	speech	D3	9
audio/train/output/d3_1316-01.wav	speech	D3	9
audio/train/output/d3_1317-00.wav	speech	D3	9
audio/train/output/d3_1318-00.wav	speech	D3	9
audio/train/output/d3_1318-01.wav	speech	D3	9
audio/train/output/d3_1319-00.wav	speech	D3	9
audio/train/output/d3_1319-01.wav	speech	D3	9
audio/train/output/d3_1320-00.wav	speech	D3	9
audio/train/output/d3_1321-00.wav	speech	D3	9
audio/train/output/d3_1322-00.wav	speech	D3	9
audio/train/output/d3_1323-00.wav	speech	D3	9
audio/train/output/d3_1323-01.wav	speech	D3	9
audio/train/output/d3_1324-00.wav	speech	D3	9
audio/train/output/d3_1325-00.wav	speech	D3	9
audio/train/output/d3_1325-01.wav	speech	D3	9
audio/train/output/d3_1326-00.wav	speech	D3	9
audio/train/output/d3_1327-00.wav	speech	D3	9
audio/train/output/d3_1327-01.wav	speech	D3	9
audio/train/output/d3_1328-00.wav	speech	D3	9
audio/train/output/d3_1329-00.wav	speech	D3	9
audio/train/output/d3_1330-00.wav	speech	D3	9
audio/train/output/d3_1331-00.wav	speech	D3	9
audio/train/output/d3_1332-00.wav	speech	D3	9
audio/train/output/d3_1332-01.wav	speech	D3	9
audio/train/output/d3_1333-00.wav	speech	D3	9
audio/train/output/d3_1334-00.wav	speech	D3	9
audio/train/output/d3_1335-00.wav	speech	D3	9
audio/train/output/d3_1335-01.wav	speech	D3	9
audio/train/output/d3_1336-00.wav	speech	D3	9
audio/train/output/d3_1336-01.wav	speech	D3	9
audio/train/output/d3_1337-00.wav	speech	D3	9
audio/train/output/d3_1338-00.wav	speech	D3	9
audio/train/output/d3_1338-01.wav	speech	D3	9
audio/train/output/d3_1339-00.wav	speech	D3	9
audio/train/output/d3_1340-00.wav	speech	D3	9
audio/train/output/d3_1341-00.wav	speech	D3	9
audio/train/output/d3_1341-01.wav	speech	D3	9
audio/train/output/d3_1342-00.wav	speech	D3	9
audio/train/output/d3_1342-01.wav	speech	D3	9
audio/train/output/d3_1343-00.wav	speech	D3	9
audio/train/output/d3_1343-01.wav	speech	D3	9
audio/train/output/d3_1344-00.wav	speech	D3	9
audio/train/output/d3_1345-00.wav	speech	D3	9
audio/train/output/d3_1345-01.wav	speech	D3	9
audio/train/output/d3_1346-00.wav	speech	D3	9
audio/train/output/d3_1347-00.wav	speech	D3	9
audio/train/output/d3_1347-01.wav	speech	D3	9
audio/train/output/d3_1348-00.wav	speech	D3	9
audio/train/output/d3_1349-00.wav	speech	D3	9
audio/train/output/d3_1350-00.wav	speech	D3	9
audio/train/output/d3_1350-01.wav	speech	D3	9
audio/train/output/d3_1351-00.wav	speech	D3	9
audio/train/output/d3_1351-01.wav	speech	D3	9
audio/train/output/d3_1352-00.wav	speech	D3	9
audio/train/output/d3_1353-00.wav	speech	D3	9
audio/train/output/d3_1354-00.wav	speech	D3	9
audio/train/output/d3_1354-01.wav	speech	D3	9
audio/train/output/d3_1355-00.wav	speech	D3	9
audio/train/output/d3_1355-01.wav	speech	D3	9
audio/train/output/d3_1356-00.wav	speech	D3	9
audio/train/output/d3_1357-00.wav	speech	D3	9
audio/train/output/d3_1358-00.wav	speech	D3	9
audio/train/output/d3_1359-00.wav	speech	D3	9
audio/train/output/d3_1359-01.wav	speech	D3	9
audio/train/output/d3_1360-00.wav	speech	D3	9
audio/train/output/d3_1360-01.wav	speech	D3	9
audio/train/output/d3_1361-00.wav	speech	D3	9
audio/train/output/d3_1362-00.wav	speech	D3	9
audio/train/output/d3_1363-00.wav	speech	D3	9
audio/train/output/d3_1364-00.wav	speech	D3	9
audio/train/output/d3_1364-01.wav	speech	D3	9
audio/train/output/d3_1365-00.wav	speech	D3	9
audio/train/output/d3_1366-00.wav	speech	D3	9
audio/train/output/d3_1366-01.wav	speech	D3	9
audio/train/output/d3_1367-00.wav	speech	D3	9
audio/train/output/d3_1368-00.wav	speech	D3	9
audio/train/output/d3_1369-00.wav	speech	D3	9
audio/train/output/d3_1370-00.wav	speech	D3	9
audio/train/output/d3_1371-00.wav	speech	D3	9
audio/train/output/d3_1372-00.wav	speech	D3	9
audio/train/output/d3_1373-00.wav	speech	D3	9
audio/train/output/d3_1374-00.wav	speech	D3	9
audio/train/output/d3_1375-00.wav	speech	D3	9
audio/train/output/d3_1376-00.wav	speech	D3	9
audio/train/output/d3_1377-00.wav	speech	D3	9
audio/train/output/d3_1377-01.wav	speech	D3	9
audio/train/output/d3_1378-00.wav	speech	D3	9
audio/train/output/d3_1379-00.wav	speech	D3	9
audio/train/output/d3_1379-01.wav	speech	D3	9
audio/train/output/d3_1380-00.wav	speech	D3	9
audio/train/output/d3_1380-01.wav	speech	D3	9
audio/train/output/d3_1381-00.wav	speech	D3	9
audio/train/output/d3_1382-00.wav	speech	D3	9
audio/train/output/d3_1383-00.wav	speech	D3	9
audio/train/output/d3_1384-00.wav	speech	D3	9
audio/train/output/d3_1384-01.wav	speech	D3	9
audio/train/output/d3_1385-00.wav	speech	D3	9
audio/train/output/d3_1385-01.wav	speech	D3	9
audio/train/output/d3_1386-00.wav	speech	D3	9
audio/train/output/d3_1386-01.wav	speech	D3	9
audio/train/output/d3_1387-00.wav	speech	D3	9
audio/train/output/d3_1388-00.wav	speech	D3	9
audio/train/output/d3_1389-00.wav	speech	D3	9
audio/train/output/d3_1389-01.wav	speech	D3	9
audio/train/output/d3_1390-00.wav	speech	D3	9
audio/train/output/d3_1390-01.wav	speech	D3	9
audio/train/output/d3_1391-00.wav	speech	D3	9
audio/train/output/d3_1392-00.wav	speech	D3	9
audio/train/output/d3_1392-01.wav	speech	D3	9
audio/train/output/d3_1393-00.wav	speech	D3	9
audio/train/output/d3_1394-00.wav	speech	D3	9
audio/train/output/d3_1394-01.wav	speech	D3	9
audio/train/output/d3_1395-00.wav	speech	D3	9
audio/train/output/d3_1396-00.wav	speech	D3	9
audio/train/output/d3_1396-01.wav	speech	D3	9
audio/train/output/d3_1397-00.wav	speech	D3	9
audio/train/output/d3_1397-01.wav	speech	D3	9
audio/train/output/d3_1398-00.wav	speech	D3	9
audio/train/output/d3_1398-01.wav	speech	D3	9
audio/train/output/d3_1399-00.wav	speech	D3	9
audio/train/output/d3_1400-00.wav	speech	D3	9
audio/train/output/d3_1400-01.wav	speech	D3	9
audio/train/output/d3_1401-00.wav	speech	D3	9
audio/train/output/d3_1402-00.wav	speech	D3	9
audio/train/output/d3_1403-00.wav	speech	D3	9
audio/train/output/d3_1403-01.wav	speech	D3	9
audio/train/output/d3_1404-00.wav	speech	D3	9
audio/train/output/d3_1404-01.wav	speech	D3	9
audio/train/output/d3_1405-00.wav	speech	D3	9
audio/train/output/d3_1406-00.wav	speech	D3	9
audio/train/output/d3_1407-00.wav	speech	D3	9
audio/train/output/d3_1408-00.wav	speech	D3	9
audio/train/output/d3_1408-01.wav	speech	D3	9
audio/train/output/d3_1409-00.wav	speech	D3	9
audio/train/output/d3_1410-00.wav	speech	D3	9
audio/train/output/d3_1410-01.wav	speech	D3	9
audio/train/output/d3_1411-00.wav	speech	D3	9
audio/train/output/d3_1412-00.wav	speech	D3	9
audio/train/output/d3_1413-00.wav	speech	D3	9
audio/train/output/d3_1414-00.wav	speech	D3	9
audio/train/output/d3_1415-00.wav	speech	D3	9
audio/train/output/d3_1415-01.wav	speech	D3	9
audio/train/output/d3_1416-00.wav	speech	D3	9
audio/train/output/d3_1416-01.wav	speech	D3	9
audio/train/output/d3_1417-00.wav	speech	D3	9
audio/train/output/d3_1418-00.wav	speech	D3	9
audio/train/output/d3_1419-00.wav	speech	D3	9
audio/train/output/d3_1419-01.wav	speech	D3	9
audio/train/output/d3_1420-00.wav	speech	D3	9
audio/train/output/d3_1421-00.wav	speech	D3	9
audio/train/output/d3_1421-01.wav	speech	D3	9
audio/train/output/d3_1422-00.wav	speech	D3	9
audio/train/output/d3_1422-01.wav	speech	D3	9
audio/train/output/d3_1423-00.wav	speech	D3	9
audio/train/output/d3_1424-00.wav	speech	D3	9
audio/train/output/d3_1424-01.wav	speech	D3	9
audio/train/output/d3_1425-00.wav	speech	D3	9
audio/train/output/d3_1426-00.wav	speech	D3	9
audio/train/output/d3_1427-00.wav	speech	D3	9
audio/train/output/d3_1427-01.wav	speech	D3	9
audio/train/output/d3_1428-00.wav	speech	D3	9
audio/train/output/d3_1428-01.wav	speech	D3	9
audio/train/output/d3_1429-00.wav	speech	D3	9
audio/train/output/d3_1430-00.wav	speech	D3	9
audio/train/output/d3_1430-01.wav	speech	D3	9
audio/train/output/d3_1431-00.wav	speech	D3	9
audio/train/output/d3_1432-00.wav	speech	D3	9
audio/train/output/d3_1433-00.wav	speech	D3	9
audio/train/output/d3_1433-01.wav	speech	D3	9
audio/train/output/d3_1434-00.wav	speech	D3	9
audio/train/output/d3_1435-00.wav	speech	D3	9
audio/train/output/d3_1436-00.wav	speech	D3	9
audio/train/output/d3_1436-01.wav	speech	D3	9
audio/train/output/d3_1437-00.wav	speech	D3	9
audio/train/output/d3_1437-01.wav	speech	D3	9
audio/train/output/d3_1438-00.wav	speech	D3	9
audio/train/output/d3_1439-00.wav	speech	D3	9
audio/train/output/d3_1440-00.wav	speech	D3	9
audio/train/output/d3_1441-00.wav	speech	D3	9
audio/train/output/d3_1441-01.wav	speech	D3	9
audio/train/output/d3_1442-00.wav	speech	D3	9
audio/train/output/d3_1442-01.wav	speech	D3	9
audio/train/output/d3_1443-00.wav	speech	D3	9
audio/train/output/d3_1443-01.wav	speech	D3	9
audio/train/output/d3_1444-00.wav	speech	D3	9
audio/train/output/d3_1445-00.wav	speech	D3	9
audio/train/output/d3_1446-00.wav	speech	D3	9
audio/train/output/d3_1447-00.wav	speech	D3	9
audio/train/output/d3_1448-00.wav	speech	D3	9
audio/train/output/d3_1448-01.wav	speech	D3	9
audio/train/output/d3_1449-00.wav	speech	D3	9
audio/train/output/d3_1449-01.wav	speech	D3	9
audio/train/output/d3_1450-00.wav	speech	D3	9
audio/train/output/d3_1451-00.wav	speech	D3	9
audio/train/output/d3_1452-00.wav	speech	D3	9
audio/train/output/d3_1453-00.wav	speech	D3	9
audio/train/output/d3_1454-00.wav	speech	D3	9
audio/train/output/d3_1454-01.wav	speech	D3	9
audio/train/output/d3_1455-00.wav	speech	D3	9
audio/train/output/d3_1455-01.wav	speech	D3	9
audio/train/output/d3_1456-00.wav	speech	D3	9
audio/train/output/d3_1457-00.wav	speech	D3	9
audio/train/output/d3_1458-00.wav	speech	D3	9
audio/train/output/d3_1459-00.wav	speech	D3	9
audio/train/output/d3_1460-00.wav	speech	D3	9
audio/train/output/d3_1460-01.wav	speech	D3	9
audio/train/output/d3_1461-00.wav	speech	D3	9
audio/train/output/d3_1461-01.wav	speech	D3	9
audio/train/output/d3_1462-00.wav	speech	D3	9
audio/train/output/d3_1463-00.wav	speech	D3	9
audio/train/output/d3_1464-00.wav	speech	D3	9
audio/train/output/d3_1464-01.wav	speech	D3	9
audio/train/output/d3_1465-00.wav	speech	D3	9
audio/train/output/d3_1465-01.wav	speech	D3	9
audio/train/output/d3_1466-00.wav	speech	D3	9
audio/train/output/d3_1467-00.wav	speech	D3	9
audio/train/output/d3_1468-00.wav	speech	D3	9
audio/train/output/d3_1468-01.wav	speech	D3	9
audio/train/output/d3_1469-00.wav	speech	D3	9
audio/train/output/d3_1470-00.wav	speech	D3	9
audio/train/output/d3_1471-00.wav	speech	D3	9
audio/train/output/d3_1472-00.wav	speech	D3	9
audio/train/output/d3_1473-00.wav	speech	D3	9
audio/train/output/d3_1474-00.wav	speech	D3	9
audio/train/output/d3_1474-01.wav	speech	D3	9
audio/train/output/d3_1475-00.wav	speech	D3	9
audio/train/output/d3_1475-01.wav	speech	D3	9
audio/train/output/d3_1476-00.wav	speech	D3	9
audio/train/output/d3_1477-00.wav	speech	D3	9
audio/train/output/d3_1478-00.wav	speech	D3	9
audio/train/output/d3_1478-01.wav	speech	D3	9
audio/train/output/d3_1479-00.wav	speech	D3	9
audio/train/output/d3_1480-00.wav	speech	D3	9
audio/train/output/d3_1481-00.wav	speech	D3	9
audio/train/output/d3_1481-01.wav	speech	D3	9
audio/train/output/d3_1482-00.wav	speech	D3	9
audio/train/output/d3_1483-00.wav	speech	D3	9
audio/train/output/d3_1483-01.wav	speech	D3	9
audio/train/output/d3_1484-00.wav	speech	D3	9
audio/train/output/d3_1485-00.wav	speech	D3	9
audio/train/output/d3_1485-01.wav	speech	D3	9
audio/train/output/d3_1486-00.wav	speech	D3	9
audio/train/output/d3_1487-00.wav	speech	D3	9
audio/train/output/d3_1487-01.wav	speech	D3	9
audio/train/output/d3_1488-00.wav	speech	D3	9
audio/train/output/d3_1488-01.wav	speech	D3	9
audio/train/output/d3_1489-00.wav	speech	D3	9
audio/train/output/d3_1490-00.wav	speech	D3	9
audio/train/output/d3_1491-00.wav	speech	D3	9
audio/train/output/d3_1492-00.wav	speech	D3	9
audio/train/output/d3_1493-00.wav	speech	D3	9
audio/train/output/d3_1493-01.wav	speech	D3	9
audio/train/output/d3_1494-00.wav	speech	D3	9
audio/train/output/d3_1495-00.wav	speech	D3	9
audio/train/output/d3_1496-00.wav	speech	D3	9
audio/train/output/d3_1496-01.wav	speech	D3	9
audio/train/output/d3_1497-00.wav	speech	D3	9
audio/train/output/d3_1498-00.wav	speech	D3	9
audio/train/output/d3_1498-01.wav	speech	D3	9
audio/train/output/d3_1499-00.wav	speech	D3	9
audio/train/output/d3_1499-01.wav	speech	D3	9
audio/train/output/d3_1500-00.wav	speech	D3	9
audio/train/output/d3_1500-01.wav	speech	D3	9
audio/train/output/d3_1501-00.wav	speech	D3	9
audio/train/output/d3_1501-01.wav	speech	D3	9
audio/train/output/d3_1502-00.wav	speech	D3	9
audio/train/output/d3_1503-00.wav	speech	D3	9
audio/train/output/d3_1504-00.wav	speech	D3	9
audio/train/output/d3_1505-00.wav	speech	D3	9
audio/train/output/d3_1505-01.wav	speech	D3	9
audio/train/output/d3_1506-00.wav	speech	D3	9
audio/train/output/d3_1506-01.wav	speech	D3	9
audio/train/output/d3_1507-00.wav	speech	D3	9
audio/train/output/d3_1508-00.wav	speech	D3	9
audio/train/output/d3_1509-00.wav	speech	D3	9
audio/train/output/d3_1509-01.wav	speech	D3	9
audio/train/output/d3_1510-00.wav	speech	D3	9
audio/train/output/d3_1510-01.wav	speech	D3	9
audio/train/output/d3_1511-00.wav	speech	D3	9
audio/train/output/d3_1512-00.wav	speech	D3	9
audio/train/output/d3_1512-01.wav	speech	D3	9
audio/train/output/d3_1513-00.wav	speech	D3	9
audio/train/output/d3_1514-00.wav	speech	D3	9
audio/train/output/d3_1514-01.wav	speech	D3	9
audio/train/output/d3_1515-00.wav	speech	D3	9
audio/train/output/d3_1515-01.wav	speech	D3	9
audio/train/output/d3_1516-00.wav	speech	D3	9
audio/train/output/d3_1516-01.wav	speech	D3	9
audio/train/output/d3_1517-00.wav	speech	D3	9
audio/train/output/d3_1517-01.wav	speech	D3	9
audio/train/output/d3_1518-00.wav	speech	D3	9
audio/train/output/d3_1519-00.wav	speech	D3	9
audio/train/output/d3_1520-00.wav	speech	D3	9
audio/train/output/d3_1520-01.wav	speech	D3	9
audio/train/output/d3_1521-00.wav	speech	D3	9
audio/train/output/d3_1522-00.wav	speech	D3	9
audio/train/output/d3_1523-00.wav	speech	D3	9
audio/train/output/d3_1523-01.wav	speech	D3	9
audio/train/output/d3_1524-00.wav	speech	D3	9
audio/train/output/d3_1525-00.wav	speech	D3	9
audio/train/output/d3_1525-01.wav	speech	D3	9
audio/train/output/d3_1526-00.wav	speech	D3	9
audio/train/output/d3_1527-00.wav	speech	D3	9
audio/train/output/d3_1527-01.wav	speech	D3	9
audio/train/output/d3_1528-00.wav	speech	D3	9
audio/train/output/d3_1528-01.wav	speech	D3	9
audio/train/output/d3_1529-00.wav	speech	D3	9
audio/train/output/d3_1529-01.wav	speech	D3	9
audio/train/output/d3_1530-00.wav	speech	D3	9
audio/train/output/d3_1531-00.wav	speech	D3	9
audio/train/output/d3_1531-01.wav	speech	D3	9
audio/train/output/d3_1532-00.wav	speech	D3	9
audio/train/output/d3_1533-00.wav	speech	D3	9
audio/train/output/d3_1533-01.wav	speech	D3	9
audio/train/output/d3_1534-00.wav	speech	D3	9
audio/train/output/d3_1535-00.wav	speech	D3	9
audio/train/output/d3_1535-01.wav	speech	D3	9
audio/train/output/d3_1536-00.wav	speech	D3	9
audio/train/output/d3_1536-01.wav	speech	D3	9
audio/train/output/d3_1537-00.wav	speech	D3	9
audio/train/output/d3_1537-01.wav	speech	D3	9
audio/train/output/d3_1538-00.wav	speech	D3	9
audio/train/output/d3_1538-01.wav	speech	D3	9
audio/train/output/d3_1539-00.wav	speech	D3	9
audio/train/output/d3_1540-00.wav	speech	D3	9
audio/train/output/d3_1541-00.wav	speech	D3	9
audio/train/output/d3_1542-00.wav	speech	D3	9
audio/train/output/d3_1543-00.wav	speech	D3	9
audio/train/output/d3_1544-00.wav	speech	D3	9
audio/train/output/d3_1545-00.wav	speech	D3	9
audio/train/output/d3_1546-00.wav	speech	D3	9
audio/train/output/d3_1546-01.wav	speech	D3	9
audio/train/output/d3_1547-00.wav	speech	D3	9
audio/train/output/d3_1548-00.wav	speech	D3	9
audio/train/output/d3_1549-00.wav	speech	D3	9
audio/train/output/d3_1550-00.wav	speech	D3	9
audio/train/output/d3_1550-01.wav	speech	D3	9
audio/train/output/d3_1551-00.wav	speech	D3	9
audio/train/output/d3_1551-01.wav	speech	D3	9
audio/train/output/d3_1552-00.wav	speech	D3	9
audio/train/output/d3_1552-01.wav	speech	D3	9
audio/train/output/d3_1553-00.wav	speech	D3	9
audio/train/output/d3_1554-00.wav	speech	D3	9
audio/train/output/d3_1555-00.wav	speech	D3	9
audio/train/output/d3_1555-01.wav	speech	D3	9
audio/train/output/d3_1556-00.wav	speech	D3	9
audio/train/output/d3_1556-01.wav	speech	D3	9
audio/train/output/d3_1557-00.wav	speech	D3	9
audio/train/output/d3_1558-00.wav	speech	D3	9
audio/train/output/d3_1558-01.wav	speech	D3	9
audio/train/output/d3_1559-00.wav	speech	D3	9
audio/train/output/d3_1559-01.wav	speech	D3	9
audio/train/output/d3_1560-00.wav	speech	D3	9
audio/train/output/d3_1560-01.wav	speech	D3	9
audio/train/output/d3_1561-00.wav	speech	D3	9
audio/train/output/d3_1562-00.wav	speech	D3	9
audio/train/output/d3_1562-01.wav	speech	D3	9
audio/train/output/d3_1563-00.wav	speech	D3	9
audio/train/output/d3_1563-01.wav	speech	D3	9
audio/train/output/d3_1564-00.wav	speech	D3	9
audio/train/output/d3_1565-00.wav	speech	D3	9
audio/train/output/d3_1565-01.wav	speech	D3	9
audio/train/output/d3_1566-00.wav	speech	D3	9
audio/train/output/d3_1567-00.wav	speech	D3	9
audio/train/output/d3_1567-01.wav	speech	D3	9
audio/train/output/d3_1568-00.wav	speech	D3	9
audio/train/output/d3_1568-01.wav	speech	D3	9
audio/train/output/d3_1569-00.wav	speech	D3	9
audio/train/output/d3_1569-01.wav	speech	D3	9
audio/train/output/d3_1570-00.wav	speech	D3	9
audio/train/output/d3_1571-00.wav	speech	D3	9
audio/train/output/d3_1572-00.wav	speech	D3	9
audio/train/output/d3_1572-01.wav	speech	D3	9
audio/train/output/d3_1573-00.wav	speech	D3	9
audio/train/output/d3_1574-00.wav	speech	D3	9
audio/train/output/d3_1575-00.wav	speech	D3	9
audio/train/output/d3_1576-00.wav	speech	D3	9
audio/train/output/d3_1577-00.wav	speech	D3	9
audio/train/output/d3_1578-00.wav	speech	D3	9
audio/train/output/d3_1578-01.wav	speech	D3	9
audio/train/output/d3_1579-00.wav	speech	D3	9
audio/train/output/d3_1579-01.wav	speech	D3	9
audio/train/output/d3_1580-00.wav	speech	D3	9
audio/train/output/d3_1581-00.wav	speech	D3	9
audio/train/output/d3_1582-00.wav	speech	D3	9
audio/train/output/d3_1582-01.wav	speech	D3	9
audio/train/output/d3_1583-00.wav	speech	D3	9
audio/train/output/d3_1583-01.wav	speech	D3	9
audio/train/output/d3_1584-00.wav	speech	D3	9
audio/train/output/d3_1584-01.wav	speech	D3	9
audio/train/output/d3_1585-00.wav	speech	D3	9
audio/train/output/d3_1586-00.wav	speech	D3	9
audio/train/output/d3_1586-01.wav	speech	D3	9
audio/train/output/d3_1587-00.wav	speech	D3	9
audio/train/output/d3_1588-00.wav	speech	D3	9
audio/train/output/d3_1589-00.wav	speech	D3	9
audio/train/output/d3_1589-01.wav	speech	D3	9
audio/train/output/d3_1590-00.wav	speech	D3	9
audio/train/output/d3_1590-01.wav	speech	D3	9
audio/train/output/d3_1591-00.wav	speech	D3	9
audio/train/output/d3_1591-01.wav	speech	D3	9
audio/train/output/d3_1592-00.wav	speech	D3	9
audio/train/output/d3_1593-00.wav	speech	D3	9
audio/train/output/d3_1593-01.wav	speech	D3	9
audio/train/output/d3_1594-00.wav	speech	D3	9
audio/train/output/d3_1594-01.wav	speech	D3	9
audio/train/output/d3_1595-00.wav	speech	D3	9
audio/train/output/d3_1596-00.wav	speech	D3	9
audio/train/output/d3_1596-01.wav	speech	D3	9
audio/train/output/d3_1597-00.wav	speech	D3	9
audio/train/output/d3_1597-01.wav	speech	D3	9
audio/train/output/d3_1598-00.wav	speech	D3	9
audio/train/output/d3_1599-00.wav	speech	D3	9
audio/train/output/d3_1600-00.wav	speech	D3	9
audio/train/output/d3_1601-00.wav	speech	D3	9
audio/train/output/d3_1602-00.wav	speech	D3	9
audio/train/output/d3_1603-00.wav	speech	D3	9
audio/train/output/d3_1604-00.wav	speech	D3	9
audio/train/output/d3_1605-00.wav	speech	D3	9
audio/train/output/d3_1605-01.wav	speech	D3	9
audio/train/output/d3_1606-00.wav	speech	D3	9
audio/train/output/d3_1607-00.wav	speech	D3	9
audio/train/output/d3_1608-00.wav	speech	D3	9
audio/train/output/d3_1609-00.wav	speech	D3	9
audio/train/output/d3_1610-00.wav	speech	D3	9
audio/train/output/d3_1610-01.wav	speech	D3	9
audio/train/output/d3_1611-00.wav	speech	D3	9
audio/train/output/d3_1612-00.wav	speech	D3	9
audio/train/output/d3_1612-01.wav	speech	D3	9
audio/train/output/d3_1613-00.wav	speech	D3	9
audio/train/output/d3_1613-01.wav	speech	D3	9
audio/train/output/d3_1614-00.wav	speech	D3	9
audio/train/output/d3_1614-01.wav	speech	D3	9
audio/train/output/d3_1615-00.wav	speech	D3	9
audio/train/output/d3_1615-01.wav	speech	D3	9
audio/train/output/d3_1616-00.wav	speech	D3	9
audio/train/output/d3_1617-00.wav	speech	D3	9
audio/train/output/d3_1617-01.wav	speech	D3	9
audio/train/output/d3_1618-00.wav	speech	D3	9
audio/train/output/d3_1618-01.wav	speech	D3	9
audio/train/output/d3_1619-00.wav	speech	D3	9
audio/train/output/d3_1619-01.wav	speech	D3	9
audio/train/output/d3_1620-00.wav	speech	D3	9
audio/train/output/d3_1621-00.wav	speech	D3	9
audio/train/output/d3_1621-01.wav	speech	D3	9
audio/train/output/d3_1622-00.wav	speech	D3	9
audio/train/output/d3_1623-00.wav	speech	D3	9
audio/train/output/d3_1623-01.wav	speech	D3	9
audio/train/output/d3_1624-00.wav	speech	D3	9
audio/train/output/d3_1625-00.wav	speech	D3	9
audio/train/output/d3_1626-00.wav	speech	D3	9
audio/train/output/d3_1627-00.wav	speech	D3	9
audio/train/output/d3_1628-00.wav	speech	D3	9
audio/train/output/d3_1628-01.wav	speech	D3	9
audio/train/output/d3_1629-00.wav	speech	D3	9
audio/train/output/d3_1629-01.wav	speech	D3	9
audio/train/output/d3_1630-00.wav	speech	D3	9
audio/train/output/d3_1630-01.wav	speech	D3	9
audio/train/output/d3_1631-00.wav	speech	D3	9
audio/train/output/d3_1631-01.wav	speech	D3	9
audio/train/output/d3_1632-00.wav	speech	D3	9
audio/train/output/d3_1633-00.wav	speech	D3	9
audio/train/output/d3_1634-00.wav	speech	D3	9
audio/train/output/d3_1634-01.wav	speech	D3	9
audio/train/output/d3_1635-00.wav	speech	D3	9
audio/train/output/d3_1635-01.wav	speech	D3	9
audio/train/output/d3_1636-00.wav	speech	D3	9
audio/train/output/d3_1637-00.wav	speech	D3	9
audio/train/output/d3_1637-01.wav	speech	D3	9
audio/train/output/d3_1638-00.wav	speech	D3	9
audio/train/output/d3_1638-01.wav	speech	D3	9
audio/train/output/d3_1639-00.wav	speech	D3	9
audio/train/output/d3_1640-00.wav	speech	D3	9
audio/train/output/d3_1641-00.wav	speech	D3	9
audio/train/output/d3_1641-01.wav	speech	D3	9
audio/train/output/d3_1642-00.wav	speech	D3	9
audio/train/output/d3_1643-00.wav	speech	D3	9
audio/train/output/d3_1644-00.wav	speech	D3	9
audio/train/output/d3_1645-00.wav	speech	D3	9
audio/train/output/d3_1646-00.wav	speech	D3	9
audio/train/output/d3_1647-00.wav	speech	D3	9
audio/train/output/d3_1647-01.wav	speech	D3	9
audio/train/output/d3_1648-00.wav	speech	D3	9
audio/train/output/d3_1649-00.wav	speech	D3	9
audio/train/output/d3_1650-00.wav	speech	D3	9
audio/train/output/d3_1651-00.wav	speech	D3	9
audio/train/output/d3_1652-00.wav	speech	D3	9
audio/train/output/d3_1653-00.wav	speech	D3	9
audio/train/output/d3_1653-01.wav	speech	D3	9
audio/train/output/d3_1654-00.wav	speech	D3	9
audio/train/output/d3_1655-00.wav	speech	D3	9
audio/train/output/d3_1655-01.wav	speech	D3	9
audio/train/output/d3_1656-00.wav	speech	D3	9
audio/train/output/d3_1657-00.wav	speech	D3	9
audio/train/output/d3_1657-01.wav	speech	D3	9
audio/train/output/d3_1658-00.wav	speech	D3	9
audio/train/output/d3_1659-00.wav	speech	D3	9
audio/train/output/d3_1659-01.wav	speech	D3	9
audio/train/output/d3_1660-00.wav	speech	D3	9
audio/train/output/d3_1661-00.wav	speech	D3	9
audio/train/output/d3_1661-01.wav	speech	D3	9
audio/train/output/d3_1662-00.wav	speech	D3	9
audio/train/output/d3_1663-00.wav	speech	D3	9
audio/train/output/d3_1663-01.wav	speech	D3	9
audio/train/output/d3_1664-00.wav	speech	D3	9
audio/train/output/d3_1664-01.wav	speech	D3	9
audio/train/output/d3_1665-00.wav	speech	D3	9
audio/train/output/d3_1665-01.wav	speech	D3	9
audio/train/output/d3_1666-00.wav	speech	D3	9
audio/train/output/d3_1666-01.wav	speech	D3	9
audio/train/output/d3_1667-00.wav	speech	D3	9
audio/train/output/d3_1668-00.wav	speech	D3	9
audio/train/output/d3_1668-01.wav	speech	D3	9
audio/train/output/d3_1669-00.wav	speech	D3	9
audio/train/output/d3_1669-01.wav	speech	D3	9
audio/train/output/d3_1670-00.wav	speech	D3	9
audio/train/output/d3_1670-01.wav	speech	D3	9
audio/train/output/d3_1671-00.wav	speech	D3	9
audio/train/output/d3_1671-01.wav	speech	D3	9
audio/train/output/d3_1672-00.wav	speech	D3	9
audio/train/output/d3_1673-00.wav	speech	D3	9
audio/train/output/d3_1673-01.wav	speech	D3	9
audio/train/output/d3_1674-00.wav	speech	D3	9
audio/train/output/d3_1675-00.wav	speech	D3	9
audio/train/output/d3_1676-00.wav	speech	D3	9
audio/train/output/d3_1677-00.wav	speech	D3	9
audio/train/output/d3_1677-01.wav	speech	D3	9
audio/train/output/d3_1678-00.wav	speech	D3	9
audio/train/output/d3_1678-01.wav	speech	D3	9
audio/train/output/d3_1679-00.wav	speech	D3	9
audio/train/output/d3_1680-00.wav	speech	D3	9
audio/train/output/d3_1680-01.wav	speech	D3	9
audio/train/output/d3_1681-00.wav	speech	D3	9
audio/train/output/d3_1682-00.wav	speech	D3	9
audio/train/output/d3_1682-01.wav	speech	D3	9
audio/train/output/d3_1683-00.wav	speech	D3	9
audio/train/output/d3_1683-01.wav	speech	D3	9
audio/train/output/d3_1684-00.wav	speech	D3	9
audio/train/output/d3_1685-00.wav	speech	D3	9
audio/train/output/d3_1686-00.wav	speech	D3	9
audio/train/output/d3_1686-01.wav	speech	D3	9
audio/train/output/d3_1687-00.wav	speech	D3	9
audio/train/output/d3_1688-00.wav	speech	D3	9
audio/train/output/d3_1688-01.wav	speech	D3	9
audio/train/output/d3_1689-00.wav	speech	D3	9
audio/train/output/d3_1689-01.wav	speech	D3	9
audio/train/output/d3_1690-00.wav	speech	D3	9
audio/train/output/d3_1691-00.wav	speech	D3	9
audio/train/output/d3_1692-00.wav	speech	D3	9
audio/train/output/d3_1693-00.wav	speech	D3	9
audio/train/output/d3_1694-00.wav	speech	D3	9
audio/train/output/d3_1694-01.wav	speech	D3	9
audio/train/output/d3_1695-00.wav	speech	D3	9
audio/train/output/d3_1696-00.wav	speech	D3	9
audio/train/output/d3_1696-01.wav	speech	D3	9
audio/train/output/d3_1697-00.wav	speech	D3	9
audio/train/output/d3_1697-01.wav	speech	D3	9
audio/train/output/d3_1698-00.wav	speech	D3	9
audio/train/output/d3_1698-01.wav	speech	D3	9
audio/train/output/d3_1699-00.wav	speech	D3	9
audio/train/output/d3_1699-01.wav	speech	D3	9
audio/train/output/d3_1700-00.wav	speech	D3	9
audio/train/output/d3_1701-00.wav	speech	D3	9
audio/train/output/d3_1701-01.wav	speech	D3	9
audio/train/output/d3_1702-00.wav	speech	D3	9
audio/train/output/d3_1703-00.wav	speech	D3	9
audio/train/output/d3_1703-01.wav	speech	D3	9
audio/train/output/d3_1704-00.wav	speech	D3	9
audio/train/output/d3_1704-01.wav	speech	D3	9
audio/train/output/d3_1705-00.wav	speech	D3	9
audio/train/output/d3_1706-00.wav	speech	D3	9
audio/train/output/d3_1707-00.wav	speech	D3	9
audio/train/output/d3_1708-00.wav	speech	D3	9
audio/train/output/d3_1709-00.wav	speech	D3	9
audio/train/output/d3_1709-01.wav	speech	D3	9
audio/train/output/d3_1710-00.wav	speech	D3	9
audio/train/output/d3_1710-01.wav	speech	D3	9
audio/train/output/d3_1711-00.wav	speech	D3	9
audio/train/output/d3_1712-00.wav	speech	D3	9
audio/train/output/d3_1713-00.wav	speech	D3	9
audio/train/output/d3_1714-00.wav	speech	D3	9
audio/train/output/d3_1715-00.wav	speech	D3	9
audio/train/output/d3_1716-00.wav	speech	D3	9
audio/train/output/d3_1717-00.wav	speech	D3	9
audio/train/output/d3_1717-01.wav	speech	D3	9
audio/train/output/d3_1718-00.wav	speech	D3	9
audio/train/output/d3_1719-00.wav	speech	D3	9
audio/train/output/d3_1720-00.wav	speech	D3	9
audio/train/output/d3_1721-00.wav	speech	D3	9
audio/train/output/d3_1722-00.wav	speech	D3	9
audio/train/output/d3_1723-00.wav	speech	D3	9
audio/train/output/d3_1724-00.wav	speech	D3	9
audio/train/output/d3_1724-01.wav	speech	D3	9
audio/train/output/d3_1725-00.wav	speech	D3	9
audio/train/output/d3_1725-01.wav	speech	D3	9
audio/train/output/d3_1726-00.wav	speech	D3	9
audio/train/output/d3_1727-00.wav	speech	D3	9
audio/train/output/d3_1727-01.wav	speech	D3	9
audio/train/output/d3_1728-00.wav	speech	D3	9
audio/train/output/d3_1728-01.wav	speech	D3	9
audio/train/output/d3_1729-00.wav	speech	D3	9
audio/train/output/d3_1729-01.wav	speech	D3	9
audio/train/output/d3_1730-00.wav	speech	D3	9
audio/train/output/d3_1730-01.wav	speech	D3	9
audio/train/output/d3_1731-00.wav	speech	D3	9
audio/train/output/d3_1732-00.wav	speech	D3	9
audio/train/output/d3_1733-00.wav	speech	D3	9
audio/train/output/d3_1733-01.wav	speech	D3	9
audio/train/output/d3_1734-00.wav	speech	D3	9
audio/train/output/d3_1735-00.wav	speech	D3	9
audio/train/output/d3_1735-01.wav	speech	D3	9
audio/train/output/d3_1736-00.wav	speech	D3	9
audio/train/output/d3_1736-01.wav	speech	D3	9
audio/train/output/d3_1737-00.wav	speech	D3	9
audio/train/output/d3_1737-01.wav	speech	D3	9
audio/train/output/d3_1738-00.wav	speech	D3	9
audio/train/output/d3_1739-00.wav	speech	D3	9
audio/train/output/d3_1740-00.wav	speech	D3	9
audio/train/output/d3_1741-00.wav	speech	D3	9
audio/train/output/d3_1742-00.wav	speech	D3	9
audio/train/output/d3_1742-01.wav	speech	D3	9
audio/train/output/d3_1743-00.wav	speech	D3	9
audio/train/output/d3_1743-01.wav	speech	D3	9
audio/train/output/d3_1744-00.wav	speech	D3	9
audio/train/output/d3_1744-01.wav	speech	D3	9
audio/train/output/d3_1745-00.wav	speech	D3	9
audio/train/output/d3_1745-01.wav	speech	D3	9
audio/train/output/d3_1746-00.wav	speech	D3	9
audio/train/output/d3_1747-00.wav	speech	D3	9
audio/train/output/d3_1748-00.wav	speech	D3	9
audio/train/output/d3_1748-01.wav	speech	D3	9
audio/train/output/d3_1749-00.wav	speech	D3	9
audio/train/output/d3_1750-00.wav	speech	D3	9
audio/train/output/d3_1750-01.wav	speech	D3	9
audio/train/output/d3_1751-00.wav	speech	D3	9
audio/train/output/d3_1751-01.wav	speech	D3	9
audio/train/output/d3_1752-00.wav	speech	D3	9
audio/train/output/d3_1752-01.wav	speech	D3	9
audio/train/output/d3_1753-00.wav	speech	D3	9
audio/train/output/d3_1753-01.wav	speech	D3	9
audio/train/output/d3_1754-00.wav	speech	D3	9
audio/train/output/d3_1755-00.wav	speech	D3	9
audio/train/output/d3_1755-01.wav	speech	D3	9
audio/train/output/d3_1756-00.wav	speech	D3	9
audio/train/output/d3_1757-00.wav	speech	D3	9
audio/train/output/d3_1758-00.wav	speech	D3	9
audio/train/output/d3_1759-00.wav	speech	D3	9
audio/train/output/d3_1759-01.wav	speech	D3	9
audio/train/output/d3_1760-00.wav	speech	D3	9
audio/train/output/d3_1761-00.wav	speech	D3	9
audio/train/output/d3_1762-00.wav	speech	D3	9
audio/train/output/d3_1763-00.wav	speech	D3	9
audio/train/output/d3_1764-00.wav	speech	D3	9
audio/train/output/d3_1764-01.wav	speech	D3	9
audio/train/output/d3_1765-00.wav	speech	D3	9
audio/train/output/d3_1766-00.wav	speech	D3	9
audio/train/output/d3_1767-00.wav	speech	D3	9
audio/train/output/d3_1768-00.wav	speech	D3	9
audio/train/output/d3_1769-00.wav	speech	D3	9
audio/train/output/d3_1770-00.wav	speech	D3	9
audio/train/output/d3_1770-01.wav	speech	D3	9
audio/train/output/d3_1771-00.wav	speech	D3	9
audio/train/output/d3_1771-01.wav	speech	D3	9
audio/train/output/d3_1772-00.wav	speech	D3	9
audio/train/output/d3_1773-00.wav	speech	D3	9
audio/train/output/d3_1774-00.wav	speech	D3	9
audio/train/output/d3_1774-01.wav	speech	D3	9
audio/train/output/d3_1775-00.wav	speech	D3	9
audio/train/output/d3_1775-01.wav	speech	D3	9
audio/train/output/d3_1776-00.wav	speech	D3	9
audio/train/output/d3_1777-00.wav	speech	D3	9
audio/train/output/d3_1777-01.wav	speech	D3	9
audio/train/output/d3_1778-00.wav	speech	D3	9
audio/train/output/d3_1778-01.wav	speech	D3	9
audio/train/output/d3_1779-00.wav	speech	D3	9
audio/train/output/d3_1780-00.wav	speech	D3	9
audio/train/output/d3_1780-01.wav	speech	D3	9
audio/train/output/d3_1781-00.wav	speech	D3	9
audio/train/output/d3_1781-01.wav	speech	D3	9
audio/train/output/d3_1782-00.wav	speech	D3	9
audio/train/output/d3_1782-01.wav	speech	D3	9
audio/train/output/d3_1783-00.wav	speech	D3	9
audio/train/output/d3_1783-01.wav	speech	D3	9
audio/train/output/d3_1784-00.wav	speech	D3	9
audio/train/output/d3_1785-00.wav	speech	D3	9
audio/train/output/d3_1785-01.wav	speech	D3	9
audio/train/output/d3_1786-00.wav	speech	D3	9
audio/train/output/d3_1786-01.wav	speech	D3	9
audio/train/output/d3_1787-00.wav	speech	D3	9
audio/train/output/d3_1787-01.wav	speech	D3	9
audio/train/output/d3_1788-00.wav	speech	D3	9
audio/train/output/d3_1788-01.wav	speech	D3	9
audio/train/output/d3_1789-00.wav	speech	D3	9
audio/train/output/d3_1789-01.wav	speech	D3	9
audio/train/output/d3_1790-00.wav	speech	D3	9
audio/train/output/d3_1790-01.wav	speech	D3	9
audio/train/output/d3_1791-00.wav	speech	D3	9
audio/train/output/d3_1792-00.wav	speech	D3	9
audio/train/output/d3_1792-01.wav	speech	D3	9
audio/train/output/d3_1793-00.wav	speech	D3	9
audio/train/output/d3_1794-00.wav	speech	D3	9
audio/train/output/d3_1795-00.wav	speech	D3	9
audio/train/output/d3_1796-00.wav	speech	D3	9
audio/train/output/d3_1796-01.wav	speech	D3	9
audio/train/output/d3_1797-00.wav	speech	D3	9
audio/train/output/d3_1798-00.wav	speech	D3	9
audio/train/output/d3_1799-00.wav	speech	D3	9
audio/train/output/d3_1800-00.wav	speech	D3	9
audio/train/output/d3_1800-01.wav	speech	D3	9
audio/train/output/d3_1801-00.wav	speech	D3	9
audio/train/output/d3_1802-00.wav	speech	D3	9
audio/train/output/d3_1803-00.wav	speech	D3	9
audio/train/output/d3_1803-01.wav	speech	D3	9
audio/train/output/d3_1804-00.wav	speech	D3	9
audio/train/output/d3_1805-00.wav	speech	D3	9
audio/train/output/d3_1805-01.wav	speech	D3	9
audio/train/output/d3_1806-00.wav	speech	D3	9
audio/train/output/d3_1807-00.wav	speech	D3	9
audio/train/output/d3_1808-00.wav	speech	D3	9
audio/train/output/d3_1809-00.wav	speech	D3	9
audio/train/output/d3_1809-01.wav	speech	D3	9
audio/train/output/d3_1810-00.wav	speech	D3	9
audio/train/output/d3_1811-00.wav	speech	D3	9
audio/train/output/d3_1811-01.wav	speech	D3	9
audio/train/output/d3_1812-00.wav	speech	D3	9
audio/train/output/d3_1813-00.wav	speech	D3	9
audio/train/output/d3_1814-00.wav	speech	D3	9
audio/train/output/d3_1814-01.wav	speech	D3	9
audio/train/output/d3_1815-00.wav	speech	D3	9
audio/train/output/d3_1815-01.wav	speech	D3	9
audio/train/output/d3_1816-00.wav	speech	D3	9
audio/train/output/d3_1817-00.wav	speech	D3	9
audio/train/output/d3_1817-01.wav	speech	D3	9
audio/train/output/d3_1818-00.wav	speech	D3	9
audio/train/output/d3_1819-00.wav	speech	D3	9
audio/train/output/d3_1819-01.wav	speech	D3	9
audio/train/output/d3_1820-00.wav	speech	D3	9
audio/train/output/d3_1820-01.wav	speech	D3	9
audio/train/output/d3_1821-00.wav	speech	D3	9
audio/train/output/d3_1822-00.wav	speech	D3	9
audio/train/output/d3_1823-00.wav	speech	D3	9
audio/train/output/d3_1823-01.wav	speech	D3	9
audio/train/output/d3_1824-00.wav	speech	D3	9
audio/train/output/d3_1824-01.wav	speech	D3	9
audio/train/output/d3_1825-00.wav	speech	D3	9
audio/train/output/d3_1825-01.wav	speech	D3	9
audio/train/output/d3_1826-00.wav	baby	D3	1
audio/train/output/d3_1827-00.wav	baby	D3	1
audio/train/output/d3_1828-00.wav	baby	D3	1
audio/train/output/d3_1829-00.wav	baby	D3	1
audio/train/output/d3_1829-01.wav	baby	D3	1
audio/train/output/d3_1830-00.wav	baby	D3	1
audio/train/output/d3_1830-01.wav	baby	D3	1
audio/train/output/d3_1831-00.wav	baby	D3	1
audio/train/output/d3_1832-00.wav	baby	D3	1
audio/train/output/d3_1832-01.wav	baby	D3	1
audio/train/output/d3_1833-00.wav	baby	D3	1
audio/train/output/d3_1833-01.wav	baby	D3	1
audio/train/output/d3_1834-00.wav	baby	D3	1
audio/train/output/d3_1835-00.wav	baby	D3	1
audio/train/output/d3_1836-00.wav	baby	D3	1
audio/train/output/d3_1837-00.wav	baby	D3	1
audio/train/output/d3_1837-01.wav	baby	D3	1
audio/train/output/d3_1838-00.wav	baby	D3	1
audio/train/output/d3_1838-01.wav	baby	D3	1
audio/train/output/d3_1839-00.wav	baby	D3	1
audio/train/output/d3_1840-00.wav	baby	D3	1
audio/train/output/d3_1841-00.wav	baby	D3	1
audio/train/output/d3_1842-00.wav	baby	D3	1
audio/train/output/d3_1842-01.wav	baby	D3	1
audio/train/output/d3_1843-00.wav	baby	D3	1
audio/train/output/d3_1843-01.wav	baby	D3	1
audio/train/output/d3_1844-00.wav	baby	D3	1
audio/train/output/d3_1845-00.wav	baby	D3	1
audio/train/output/d3_1845-01.wav	baby	D3	1
audio/train/output/d3_1846-00.wav	baby	D3	1
audio/train/output/d3_1847-00.wav	baby	D3	1
audio/train/output/d3_1848-00.wav	baby	D3	1
audio/train/output/d3_1848-01.wav	baby	D3	1
audio/train/output/d3_1849-00.wav	baby	D3	1
audio/train/output/d3_1849-01.wav	baby	D3	1
audio/train/output/d3_1850-00.wav	baby	D3	1
audio/train/output/d3_1850-01.wav	baby	D3	1
audio/train/output/d3_1851-00.wav	baby	D3	1
audio/train/output/d3_1852-00.wav	baby	D3	1
audio/train/output/d3_1853-00.wav	baby	D3	1
audio/train/output/d3_1854-00.wav	baby	D3	1
audio/train/output/d3_1855-00.wav	baby	D3	1
audio/train/output/d3_1855-01.wav	baby	D3	1
audio/train/output/d3_1856-00.wav	baby	D3	1
audio/train/output/d3_1857-00.wav	baby	D3	1
audio/train/output/d3_1857-01.wav	baby	D3	1
audio/train/output/d3_1858-00.wav	baby	D3	1
audio/train/output/d3_1858-01.wav	baby	D3	1
audio/train/output/d3_1859-00.wav	baby	D3	1
audio/train/output/d3_1859-01.wav	baby	D3	1
audio/train/output/d3_1860-00.wav	baby	D3	1
audio/train/output/d3_1860-01.wav	baby	D3	1
audio/train/output/d3_1861-00.wav	baby	D3	1
audio/train/output/d3_1862-00.wav	baby	D3	1
audio/train/output/d3_1862-01.wav	baby	D3	1
audio/train/output/d3_1863-00.wav	baby	D3	1
audio/train/output/d3_1863-01.wav	baby	D3	1
audio/train/output/d3_1864-00.wav	baby	D3	1
audio/train/output/d3_1864-01.wav	baby	D3	1
audio/train/output/d3_1865-00.wav	baby	D3	1
audio/train/output/d3_1865-01.wav	baby	D3	1
audio/train/output/d3_1866-00.wav	baby	D3	1
audio/train/output/d3_1866-01.wav	baby	D3	1
audio/train/output/d3_1867-00.wav	baby	D3	1
audio/train/output/d3_1867-01.wav	baby	D3	1
audio/train/output/d3_1868-00.wav	baby	D3	1
audio/train/output/d3_1869-00.wav	baby	D3	1
audio/train/output/d3_1870-00.wav	baby	D3	1
audio/train/output/d3_1870-01.wav	baby	D3	1
audio/train/output/d3_1871-00.wav	baby	D3	1
audio/train/output/d3_1872-00.wav	baby	D3	1
audio/train/output/d3_1872-01.wav	baby	D3	1
audio/train/output/d3_1873-00.wav	baby	D3	1
audio/train/output/d3_1873-01.wav	baby	D3	1
audio/train/output/d3_1874-00.wav	baby	D3	1
audio/train/output/d3_1875-00.wav	baby	D3	1
audio/train/output/d3_1875-01.wav	baby	D3	1
audio/train/output/d3_1876-00.wav	baby	D3	1
audio/train/output/d3_1876-01.wav	baby	D3	1
audio/train/output/d3_1877-00.wav	baby	D3	1
audio/train/output/d3_1877-01.wav	baby	D3	1
audio/train/output/d3_1878-00.wav	baby	D3	1
audio/train/output/d3_1879-00.wav	baby	D3	1
audio/train/output/d3_1879-01.wav	baby	D3	1
audio/train/output/d3_1880-00.wav	baby	D3	1
audio/train/output/d3_1881-00.wav	baby	D3	1
audio/train/output/d3_1881-01.wav	baby	D3	1
